account_id,account_name,month,service,net_cost_usd
100000000000,business-unit-01,2026-03,EC2,3805.61
100000000000,business-unit-01,2026-03,S3,4875.13
100000000000,business-unit-01,2026-03,RDS,5318.06
100000000000,business-unit-01,2026-03,Lambda,6149.81
100000000000,business-unit-01,2026-03,EKS,7084.01
100000000000,business-unit-01,2026-03,CloudFront,8571.65
100000000000,business-unit-01,2026-02,EC2,4242.71
100000000000,business-unit-01,2026-02,S3,4683.66
100000000000,business-unit-01,2026-02,RDS,6027.24
100000000000,business-unit-01,2026-02,Lambda,7210.17
100000000000,business-unit-01,2026-02,EKS,8145.57
100000000000,business-unit-01,2026-02,CloudFront,9301.32
100000000000,business-unit-01,2026-01,EC2,4396.53
100000000000,business-unit-01,2026-01,S3,4806.99
100000000000,business-unit-01,2026-01,RDS,5760.16
100000000000,business-unit-01,2026-01,Lambda,7008.76
100000000000,business-unit-01,2026-01,EKS,8107.11
100000000000,business-unit-01,2026-01,CloudFront,9746.39
100000000000,business-unit-01,2025-12,EC2,4231.77
100000000000,business-unit-01,2025-12,S3,5091.07
100000000000,business-unit-01,2025-12,RDS,6736.49
100000000000,business-unit-01,2025-12,Lambda,7988.55
100000000000,business-unit-01,2025-12,EKS,8607.4
100000000000,business-unit-01,2025-12,CloudFront,10212.89
100000000000,business-unit-01,2025-11,EC2,3801.73
100000000000,business-unit-01,2025-11,S3,4193.61
100000000000,business-unit-01,2025-11,RDS,5856.74
100000000000,business-unit-01,2025-11,Lambda,6988.48
100000000000,business-unit-01,2025-11,EKS,7168.29
100000000000,business-unit-01,2025-11,CloudFront,8083.59
100000000000,business-unit-01,2025-10,EC2,3589.16
100000000000,business-unit-01,2025-10,S3,4994.68
100000000000,business-unit-01,2025-10,RDS,6319.86
100000000000,business-unit-01,2025-10,Lambda,6844.82
100000000000,business-unit-01,2025-10,EKS,8205.66
100000000000,business-unit-01,2025-10,CloudFront,8657.0
100000000000,business-unit-01,2025-09,EC2,4150.48
100000000000,business-unit-01,2025-09,S3,5213.48
100000000000,business-unit-01,2025-09,RDS,5837.61
100000000000,business-unit-01,2025-09,Lambda,7597.86
100000000000,business-unit-01,2025-09,EKS,8794.98
100000000000,business-unit-01,2025-09,CloudFront,9680.79
100000000000,business-unit-01,2025-08,EC2,3811.0
100000000000,business-unit-01,2025-08,S3,5818.65
100000000000,business-unit-01,2025-08,RDS,6815.5
100000000000,business-unit-01,2025-08,Lambda,7589.84
100000000000,business-unit-01,2025-08,EKS,8854.96
100000000000,business-unit-01,2025-08,CloudFront,9988.04
100000000000,business-unit-01,2025-07,EC2,3571.86
100000000000,business-unit-01,2025-07,S3,4408.97
100000000000,business-unit-01,2025-07,RDS,5885.5
100000000000,business-unit-01,2025-07,Lambda,6853.21
100000000000,business-unit-01,2025-07,EKS,7165.86
100000000000,business-unit-01,2025-07,CloudFront,8971.95
100000000000,business-unit-01,2025-06,EC2,3896.61
100000000000,business-unit-01,2025-06,S3,5138.47
100000000000,business-unit-01,2025-06,RDS,6081.54
100000000000,business-unit-01,2025-06,Lambda,6881.71
100000000000,business-unit-01,2025-06,EKS,8223.51
100000000000,business-unit-01,2025-06,CloudFront,9502.0
100000000000,business-unit-01,2025-05,EC2,3750.98
100000000000,business-unit-01,2025-05,S3,5385.39
100000000000,business-unit-01,2025-05,RDS,6252.06
100000000000,business-unit-01,2025-05,Lambda,7323.32
100000000000,business-unit-01,2025-05,EKS,8401.0
100000000000,business-unit-01,2025-05,CloudFront,9804.87
100000000000,business-unit-01,2025-04,EC2,3950.98
100000000000,business-unit-01,2025-04,S3,5693.13
100000000000,business-unit-01,2025-04,RDS,6861.19
100000000000,business-unit-01,2025-04,Lambda,7342.33
100000000000,business-unit-01,2025-04,EKS,9285.55
100000000000,business-unit-01,2025-04,CloudFront,9867.67
100000000001,business-unit-02,2026-03,EC2,3754.46
100000000001,business-unit-02,2026-03,S3,5667.15
100000000001,business-unit-02,2026-03,RDS,6151.83
100000000001,business-unit-02,2026-03,Lambda,7341.29
100000000001,business-unit-02,2026-03,EKS,9137.7
100000000001,business-unit-02,2026-03,CloudFront,10393.31
100000000001,business-unit-02,2026-02,EC2,4445.19
100000000001,business-unit-02,2026-02,S3,5732.7
100000000001,business-unit-02,2026-02,RDS,6967.99
100000000001,business-unit-02,2026-02,Lambda,8006.56
100000000001,business-unit-02,2026-02,EKS,9068.44
100000000001,business-unit-02,2026-02,CloudFront,10547.16
100000000001,business-unit-02,2026-01,EC2,4774.67
100000000001,business-unit-02,2026-01,S3,6186.92
100000000001,business-unit-02,2026-01,RDS,7630.39
100000000001,business-unit-02,2026-01,Lambda,8822.26
100000000001,business-unit-02,2026-01,EKS,10388.78
100000000001,business-unit-02,2026-01,CloudFront,11370.74
100000000001,business-unit-02,2025-12,EC2,3798.78
100000000001,business-unit-02,2025-12,S3,5127.4
100000000001,business-unit-02,2025-12,RDS,5894.14
100000000001,business-unit-02,2025-12,Lambda,7429.6
100000000001,business-unit-02,2025-12,EKS,8132.39
100000000001,business-unit-02,2025-12,CloudFront,9135.83
100000000001,business-unit-02,2025-11,EC2,4493.78
100000000001,business-unit-02,2025-11,S3,5226.15
100000000001,business-unit-02,2025-11,RDS,6787.74
100000000001,business-unit-02,2025-11,Lambda,7794.95
100000000001,business-unit-02,2025-11,EKS,9202.7
100000000001,business-unit-02,2025-11,CloudFront,10425.03
100000000001,business-unit-02,2025-10,EC2,4842.46
100000000001,business-unit-02,2025-10,S3,5953.07
100000000001,business-unit-02,2025-10,RDS,7017.37
100000000001,business-unit-02,2025-10,Lambda,8303.96
100000000001,business-unit-02,2025-10,EKS,8977.26
100000000001,business-unit-02,2025-10,CloudFront,11093.87
100000000001,business-unit-02,2025-09,EC2,4930.59
100000000001,business-unit-02,2025-09,S3,5728.23
100000000001,business-unit-02,2025-09,RDS,6977.1
100000000001,business-unit-02,2025-09,Lambda,8804.81
100000000001,business-unit-02,2025-09,EKS,9762.34
100000000001,business-unit-02,2025-09,CloudFront,11123.18
100000000001,business-unit-02,2025-08,EC2,3470.52
100000000001,business-unit-02,2025-08,S3,5404.75
100000000001,business-unit-02,2025-08,RDS,6230.05
100000000001,business-unit-02,2025-08,Lambda,7186.45
100000000001,business-unit-02,2025-08,EKS,8054.14
100000000001,business-unit-02,2025-08,CloudFront,9634.53
100000000001,business-unit-02,2025-07,EC2,3719.8
100000000001,business-unit-02,2025-07,S3,5585.78
100000000001,business-unit-02,2025-07,RDS,6267.64
100000000001,business-unit-02,2025-07,Lambda,7648.39
100000000001,business-unit-02,2025-07,EKS,8759.69
100000000001,business-unit-02,2025-07,CloudFront,9973.68
100000000001,business-unit-02,2025-06,EC2,4602.16
100000000001,business-unit-02,2025-06,S3,5913.55
100000000001,business-unit-02,2025-06,RDS,6973.69
100000000001,business-unit-02,2025-06,Lambda,7774.11
100000000001,business-unit-02,2025-06,EKS,9002.3
100000000001,business-unit-02,2025-06,CloudFront,10360.78
100000000001,business-unit-02,2025-05,EC2,4729.55
100000000001,business-unit-02,2025-05,S3,6114.42
100000000001,business-unit-02,2025-05,RDS,7064.2
100000000001,business-unit-02,2025-05,Lambda,8766.09
100000000001,business-unit-02,2025-05,EKS,9930.18
100000000001,business-unit-02,2025-05,CloudFront,11220.29
100000000001,business-unit-02,2025-04,EC2,3724.23
100000000001,business-unit-02,2025-04,S3,5295.58
100000000001,business-unit-02,2025-04,RDS,5800.17
100000000001,business-unit-02,2025-04,Lambda,7214.12
100000000001,business-unit-02,2025-04,EKS,8188.44
100000000001,business-unit-02,2025-04,CloudFront,9677.58
100000000002,business-unit-03,2026-03,EC2,4408.74
100000000002,business-unit-03,2026-03,S3,6212.56
100000000002,business-unit-03,2026-03,RDS,7854.34
100000000002,business-unit-03,2026-03,Lambda,8788.53
100000000002,business-unit-03,2026-03,EKS,10857.08
100000000002,business-unit-03,2026-03,CloudFront,11958.46
100000000002,business-unit-03,2026-02,EC2,4702.07
100000000002,business-unit-03,2026-02,S3,6990.63
100000000002,business-unit-03,2026-02,RDS,7913.61
100000000002,business-unit-03,2026-02,Lambda,9769.65
100000000002,business-unit-03,2026-02,EKS,10811.73
100000000002,business-unit-03,2026-02,CloudFront,12856.7
100000000002,business-unit-03,2026-01,EC2,4555.46
100000000002,business-unit-03,2026-01,S3,5261.06
100000000002,business-unit-03,2026-01,RDS,6789.35
100000000002,business-unit-03,2026-01,Lambda,8014.47
100000000002,business-unit-03,2026-01,EKS,8816.16
100000000002,business-unit-03,2026-01,CloudFront,10137.02
100000000002,business-unit-03,2025-12,EC2,4404.95
100000000002,business-unit-03,2025-12,S3,5852.8
100000000002,business-unit-03,2025-12,RDS,7151.06
100000000002,business-unit-03,2025-12,Lambda,8607.05
100000000002,business-unit-03,2025-12,EKS,9835.01
100000000002,business-unit-03,2025-12,CloudFront,10971.03
100000000002,business-unit-03,2025-11,EC2,4921.29
100000000002,business-unit-03,2025-11,S3,5887.9
100000000002,business-unit-03,2025-11,RDS,8069.24
100000000002,business-unit-03,2025-11,Lambda,9225.15
100000000002,business-unit-03,2025-11,EKS,10201.71
100000000002,business-unit-03,2025-11,CloudFront,11631.63
100000000002,business-unit-03,2025-10,EC2,5376.07
100000000002,business-unit-03,2025-10,S3,6570.02
100000000002,business-unit-03,2025-10,RDS,8212.7
100000000002,business-unit-03,2025-10,Lambda,9299.3
100000000002,business-unit-03,2025-10,EKS,11264.56
100000000002,business-unit-03,2025-10,CloudFront,12314.64
100000000002,business-unit-03,2025-09,EC2,4478.36
100000000002,business-unit-03,2025-09,S3,6002.86
100000000002,business-unit-03,2025-09,RDS,6860.2
100000000002,business-unit-03,2025-09,Lambda,8296.32
100000000002,business-unit-03,2025-09,EKS,9462.18
100000000002,business-unit-03,2025-09,CloudFront,10660.48
100000000002,business-unit-03,2025-08,EC2,4113.87
100000000002,business-unit-03,2025-08,S3,5853.6
100000000002,business-unit-03,2025-08,RDS,7635.64
100000000002,business-unit-03,2025-08,Lambda,8774.86
100000000002,business-unit-03,2025-08,EKS,10082.63
100000000002,business-unit-03,2025-08,CloudFront,11208.21
100000000002,business-unit-03,2025-07,EC2,5024.21
100000000002,business-unit-03,2025-07,S3,6287.87
100000000002,business-unit-03,2025-07,RDS,7290.15
100000000002,business-unit-03,2025-07,Lambda,9120.37
100000000002,business-unit-03,2025-07,EKS,10506.19
100000000002,business-unit-03,2025-07,CloudFront,12111.19
100000000002,business-unit-03,2025-06,EC2,4729.59
100000000002,business-unit-03,2025-06,S3,6710.99
100000000002,business-unit-03,2025-06,RDS,7569.39
100000000002,business-unit-03,2025-06,Lambda,9915.29
100000000002,business-unit-03,2025-06,EKS,10594.0
100000000002,business-unit-03,2025-06,CloudFront,11982.69
100000000002,business-unit-03,2025-05,EC2,4136.25
100000000002,business-unit-03,2025-05,S3,5215.82
100000000002,business-unit-03,2025-05,RDS,6961.66
100000000002,business-unit-03,2025-05,Lambda,7929.26
100000000002,business-unit-03,2025-05,EKS,9509.34
100000000002,business-unit-03,2025-05,CloudFront,10881.33
100000000002,business-unit-03,2025-04,EC2,4917.74
100000000002,business-unit-03,2025-04,S3,6101.79
100000000002,business-unit-03,2025-04,RDS,6776.09
100000000002,business-unit-03,2025-04,Lambda,8162.28
100000000002,business-unit-03,2025-04,EKS,9542.25
100000000002,business-unit-03,2025-04,CloudFront,10968.26
100000000003,business-unit-04,2026-03,EC2,5221.57
100000000003,business-unit-04,2026-03,S3,6756.07
100000000003,business-unit-04,2026-03,RDS,8562.53
100000000003,business-unit-04,2026-03,Lambda,10793.13
100000000003,business-unit-04,2026-03,EKS,11826.01
100000000003,business-unit-04,2026-03,CloudFront,13718.23
100000000003,business-unit-04,2026-02,EC2,4975.63
100000000003,business-unit-04,2026-02,S3,5878.6
100000000003,business-unit-04,2026-02,RDS,7237.32
100000000003,business-unit-04,2026-02,Lambda,9047.8
100000000003,business-unit-04,2026-02,EKS,10443.41
100000000003,business-unit-04,2026-02,CloudFront,11906.17
100000000003,business-unit-04,2026-01,EC2,4615.76
100000000003,business-unit-04,2026-01,S3,6233.14
100000000003,business-unit-04,2026-01,RDS,8270.49
100000000003,business-unit-04,2026-01,Lambda,9003.46
100000000003,business-unit-04,2026-01,EKS,10553.19
100000000003,business-unit-04,2026-01,CloudFront,12613.14
100000000003,business-unit-04,2025-12,EC2,5681.41
100000000003,business-unit-04,2025-12,S3,6568.36
100000000003,business-unit-04,2025-12,RDS,8482.05
100000000003,business-unit-04,2025-12,Lambda,9818.66
100000000003,business-unit-04,2025-12,EKS,11429.65
100000000003,business-unit-04,2025-12,CloudFront,12643.22
100000000003,business-unit-04,2025-11,EC2,5393.05
100000000003,business-unit-04,2025-11,S3,7430.12
100000000003,business-unit-04,2025-11,RDS,8646.39
100000000003,business-unit-04,2025-11,Lambda,9999.94
100000000003,business-unit-04,2025-11,EKS,12046.06
100000000003,business-unit-04,2025-11,CloudFront,13691.67
100000000003,business-unit-04,2025-10,EC2,4730.11
100000000003,business-unit-04,2025-10,S3,6213.17
100000000003,business-unit-04,2025-10,RDS,7441.91
100000000003,business-unit-04,2025-10,Lambda,9178.45
100000000003,business-unit-04,2025-10,EKS,10065.42
100000000003,business-unit-04,2025-10,CloudFront,11653.61
100000000003,business-unit-04,2025-09,EC2,4902.97
100000000003,business-unit-04,2025-09,S3,6205.27
100000000003,business-unit-04,2025-09,RDS,8028.77
100000000003,business-unit-04,2025-09,Lambda,9590.67
100000000003,business-unit-04,2025-09,EKS,11010.59
100000000003,business-unit-04,2025-09,CloudFront,12085.47
100000000003,business-unit-04,2025-08,EC2,5235.46
100000000003,business-unit-04,2025-08,S3,6893.15
100000000003,business-unit-04,2025-08,RDS,8051.76
100000000003,business-unit-04,2025-08,Lambda,9977.93
100000000003,business-unit-04,2025-08,EKS,11562.03
100000000003,business-unit-04,2025-08,CloudFront,13162.54
100000000003,business-unit-04,2025-07,EC2,5106.07
100000000003,business-unit-04,2025-07,S3,7595.62
100000000003,business-unit-04,2025-07,RDS,8728.37
100000000003,business-unit-04,2025-07,Lambda,10272.51
100000000003,business-unit-04,2025-07,EKS,11991.68
100000000003,business-unit-04,2025-07,CloudFront,14003.42
100000000003,business-unit-04,2025-06,EC2,4868.88
100000000003,business-unit-04,2025-06,S3,6082.0
100000000003,business-unit-04,2025-06,RDS,7670.5
100000000003,business-unit-04,2025-06,Lambda,8614.65
100000000003,business-unit-04,2025-06,EKS,10477.61
100000000003,business-unit-04,2025-06,CloudFront,11490.72
100000000003,business-unit-04,2025-05,EC2,5092.71
100000000003,business-unit-04,2025-05,S3,6009.24
100000000003,business-unit-04,2025-05,RDS,8101.09
100000000003,business-unit-04,2025-05,Lambda,9437.37
100000000003,business-unit-04,2025-05,EKS,10591.98
100000000003,business-unit-04,2025-05,CloudFront,12311.44
100000000003,business-unit-04,2025-04,EC2,4803.2
100000000003,business-unit-04,2025-04,S3,7225.91
100000000003,business-unit-04,2025-04,RDS,8465.44
100000000003,business-unit-04,2025-04,Lambda,9731.84
100000000003,business-unit-04,2025-04,EKS,11597.61
100000000003,business-unit-04,2025-04,CloudFront,13330.35
100000000004,business-unit-05,2026-03,EC2,4744.87
100000000004,business-unit-05,2026-03,S3,6604.31
100000000004,business-unit-05,2026-03,RDS,8313.56
100000000004,business-unit-05,2026-03,Lambda,9382.05
100000000004,business-unit-05,2026-03,EKS,10508.65
100000000004,business-unit-05,2026-03,CloudFront,12603.53
100000000004,business-unit-05,2026-02,EC2,5048.49
100000000004,business-unit-05,2026-02,S3,6658.26
100000000004,business-unit-05,2026-02,RDS,8202.03
100000000004,business-unit-05,2026-02,Lambda,9860.06
100000000004,business-unit-05,2026-02,EKS,12003.41
100000000004,business-unit-05,2026-02,CloudFront,12767.04
100000000004,business-unit-05,2026-01,EC2,5771.58
100000000004,business-unit-05,2026-01,S3,7082.94
100000000004,business-unit-05,2026-01,RDS,8795.87
100000000004,business-unit-05,2026-01,Lambda,10572.99
100000000004,business-unit-05,2026-01,EKS,12370.83
100000000004,business-unit-05,2026-01,CloudFront,13571.69
100000000004,business-unit-05,2025-12,EC2,5748.19
100000000004,business-unit-05,2025-12,S3,7374.97
100000000004,business-unit-05,2025-12,RDS,9196.28
100000000004,business-unit-05,2025-12,Lambda,11609.42
100000000004,business-unit-05,2025-12,EKS,13030.72
100000000004,business-unit-05,2025-12,CloudFront,14892.62
100000000004,business-unit-05,2025-11,EC2,5347.34
100000000004,business-unit-05,2025-11,S3,6814.22
100000000004,business-unit-05,2025-11,RDS,8472.89
100000000004,business-unit-05,2025-11,Lambda,9749.62
100000000004,business-unit-05,2025-11,EKS,10821.8
100000000004,business-unit-05,2025-11,CloudFront,12471.77
100000000004,business-unit-05,2025-10,EC2,5344.77
100000000004,business-unit-05,2025-10,S3,7321.32
100000000004,business-unit-05,2025-10,RDS,8501.51
100000000004,business-unit-05,2025-10,Lambda,9963.16
100000000004,business-unit-05,2025-10,EKS,11334.99
100000000004,business-unit-05,2025-10,CloudFront,13037.05
100000000004,business-unit-05,2025-09,EC2,5391.43
100000000004,business-unit-05,2025-09,S3,7700.42
100000000004,business-unit-05,2025-09,RDS,9255.13
100000000004,business-unit-05,2025-09,Lambda,10237.26
100000000004,business-unit-05,2025-09,EKS,12789.63
100000000004,business-unit-05,2025-09,CloudFront,14016.72
100000000004,business-unit-05,2025-08,EC2,6210.9
100000000004,business-unit-05,2025-08,S3,8194.23
100000000004,business-unit-05,2025-08,RDS,9932.08
100000000004,business-unit-05,2025-08,Lambda,10864.13
100000000004,business-unit-05,2025-08,EKS,13155.22
100000000004,business-unit-05,2025-08,CloudFront,14546.6
100000000004,business-unit-05,2025-07,EC2,5360.75
100000000004,business-unit-05,2025-07,S3,6930.52
100000000004,business-unit-05,2025-07,RDS,7586.07
100000000004,business-unit-05,2025-07,Lambda,9953.37
100000000004,business-unit-05,2025-07,EKS,10689.08
100000000004,business-unit-05,2025-07,CloudFront,12758.66
100000000004,business-unit-05,2025-06,EC2,5641.84
100000000004,business-unit-05,2025-06,S3,6791.34
100000000004,business-unit-05,2025-06,RDS,8821.5
100000000004,business-unit-05,2025-06,Lambda,10397.16
100000000004,business-unit-05,2025-06,EKS,11331.46
100000000004,business-unit-05,2025-06,CloudFront,13297.01
100000000004,business-unit-05,2025-05,EC2,5949.26
100000000004,business-unit-05,2025-05,S3,7512.19
100000000004,business-unit-05,2025-05,RDS,9383.8
100000000004,business-unit-05,2025-05,Lambda,10208.4
100000000004,business-unit-05,2025-05,EKS,12513.21
100000000004,business-unit-05,2025-05,CloudFront,14413.94
100000000004,business-unit-05,2025-04,EC2,6017.83
100000000004,business-unit-05,2025-04,S3,7779.55
100000000004,business-unit-05,2025-04,RDS,9185.62
100000000004,business-unit-05,2025-04,Lambda,11707.61
100000000004,business-unit-05,2025-04,EKS,13368.75
100000000004,business-unit-05,2025-04,CloudFront,14761.02
100000000005,business-unit-06,2026-03,EC2,5319.67
100000000005,business-unit-06,2026-03,S3,7256.09
100000000005,business-unit-06,2026-03,RDS,9439.42
100000000005,business-unit-06,2026-03,Lambda,10672.82
100000000005,business-unit-06,2026-03,EKS,12775.21
100000000005,business-unit-06,2026-03,CloudFront,13861.7
100000000005,business-unit-06,2026-02,EC2,6325.89
100000000005,business-unit-06,2026-02,S3,7450.99
100000000005,business-unit-06,2026-02,RDS,10018.6
100000000005,business-unit-06,2026-02,Lambda,11641.19
100000000005,business-unit-06,2026-02,EKS,12974.79
100000000005,business-unit-06,2026-02,CloudFront,14954.25
100000000005,business-unit-06,2026-01,EC2,6344.83
100000000005,business-unit-06,2026-01,S3,8425.47
100000000005,business-unit-06,2026-01,RDS,10575.05
100000000005,business-unit-06,2026-01,Lambda,11734.55
100000000005,business-unit-06,2026-01,EKS,14326.22
100000000005,business-unit-06,2026-01,CloudFront,15631.48
100000000005,business-unit-06,2025-12,EC2,5339.54
100000000005,business-unit-06,2025-12,S3,7466.89
100000000005,business-unit-06,2025-12,RDS,8404.84
100000000005,business-unit-06,2025-12,Lambda,10106.93
100000000005,business-unit-06,2025-12,EKS,12142.54
100000000005,business-unit-06,2025-12,CloudFront,13688.2
100000000005,business-unit-06,2025-11,EC2,5898.6
100000000005,business-unit-06,2025-11,S3,7737.11
100000000005,business-unit-06,2025-11,RDS,8785.3
100000000005,business-unit-06,2025-11,Lambda,11037.11
100000000005,business-unit-06,2025-11,EKS,12129.31
100000000005,business-unit-06,2025-11,CloudFront,14666.79
100000000005,business-unit-06,2025-10,EC2,5757.03
100000000005,business-unit-06,2025-10,S3,7802.63
100000000005,business-unit-06,2025-10,RDS,9770.41
100000000005,business-unit-06,2025-10,Lambda,11773.15
100000000005,business-unit-06,2025-10,EKS,13457.27
100000000005,business-unit-06,2025-10,CloudFront,14786.8
100000000005,business-unit-06,2025-09,EC2,6289.76
100000000005,business-unit-06,2025-09,S3,8175.42
100000000005,business-unit-06,2025-09,RDS,9767.88
100000000005,business-unit-06,2025-09,Lambda,12296.49
100000000005,business-unit-06,2025-09,EKS,14348.61
100000000005,business-unit-06,2025-09,CloudFront,16382.52
100000000005,business-unit-06,2025-08,EC2,5082.92
100000000005,business-unit-06,2025-08,S3,7427.08
100000000005,business-unit-06,2025-08,RDS,8253.89
100000000005,business-unit-06,2025-08,Lambda,10131.22
100000000005,business-unit-06,2025-08,EKS,11378.07
100000000005,business-unit-06,2025-08,CloudFront,13176.83
100000000005,business-unit-06,2025-07,EC2,5580.73
100000000005,business-unit-06,2025-07,S3,7649.39
100000000005,business-unit-06,2025-07,RDS,9321.93
100000000005,business-unit-06,2025-07,Lambda,11104.9
100000000005,business-unit-06,2025-07,EKS,12621.42
100000000005,business-unit-06,2025-07,CloudFront,14308.21
100000000005,business-unit-06,2025-06,EC2,6534.6
100000000005,business-unit-06,2025-06,S3,8043.75
100000000005,business-unit-06,2025-06,RDS,9530.59
100000000005,business-unit-06,2025-06,Lambda,11507.95
100000000005,business-unit-06,2025-06,EKS,13478.35
100000000005,business-unit-06,2025-06,CloudFront,14705.08
100000000005,business-unit-06,2025-05,EC2,6557.63
100000000005,business-unit-06,2025-05,S3,8070.9
100000000005,business-unit-06,2025-05,RDS,10068.96
100000000005,business-unit-06,2025-05,Lambda,12288.73
100000000005,business-unit-06,2025-05,EKS,13917.63
100000000005,business-unit-06,2025-05,CloudFront,16254.83
100000000005,business-unit-06,2025-04,EC2,5489.23
100000000005,business-unit-06,2025-04,S3,7491.1
100000000005,business-unit-06,2025-04,RDS,8198.44
100000000005,business-unit-06,2025-04,Lambda,10351.73
100000000005,business-unit-06,2025-04,EKS,11483.48
100000000005,business-unit-06,2025-04,CloudFront,13734.7
100000000006,business-unit-07,2026-03,EC2,6813.99
100000000006,business-unit-07,2026-03,S3,8817.48
100000000006,business-unit-07,2026-03,RDS,10639.01
100000000006,business-unit-07,2026-03,Lambda,12457.17
100000000006,business-unit-07,2026-03,EKS,14273.86
100000000006,business-unit-07,2026-03,CloudFront,16067.3
100000000006,business-unit-07,2026-02,EC2,6416.87
100000000006,business-unit-07,2026-02,S3,8928.23
100000000006,business-unit-07,2026-02,RDS,10692.21
100000000006,business-unit-07,2026-02,Lambda,13285.69
100000000006,business-unit-07,2026-02,EKS,15322.88
100000000006,business-unit-07,2026-02,CloudFront,16984.27
100000000006,business-unit-07,2026-01,EC2,5891.92
100000000006,business-unit-07,2026-01,S3,7750.6
100000000006,business-unit-07,2026-01,RDS,9483.7
100000000006,business-unit-07,2026-01,Lambda,11136.07
100000000006,business-unit-07,2026-01,EKS,12280.99
100000000006,business-unit-07,2026-01,CloudFront,14029.31
100000000006,business-unit-07,2025-12,EC2,6133.36
100000000006,business-unit-07,2025-12,S3,7726.71
100000000006,business-unit-07,2025-12,RDS,10147.66
100000000006,business-unit-07,2025-12,Lambda,11426.4
100000000006,business-unit-07,2025-12,EKS,13815.97
100000000006,business-unit-07,2025-12,CloudFront,15196.99
100000000006,business-unit-07,2025-11,EC2,6207.41
100000000006,business-unit-07,2025-11,S3,8639.05
100000000006,business-unit-07,2025-11,RDS,10652.83
100000000006,business-unit-07,2025-11,Lambda,12389.49
100000000006,business-unit-07,2025-11,EKS,13889.86
100000000006,business-unit-07,2025-11,CloudFront,15722.27
100000000006,business-unit-07,2025-10,EC2,6997.42
100000000006,business-unit-07,2025-10,S3,9078.28
100000000006,business-unit-07,2025-10,RDS,10774.31
100000000006,business-unit-07,2025-10,Lambda,12867.66
100000000006,business-unit-07,2025-10,EKS,14719.84
100000000006,business-unit-07,2025-10,CloudFront,17241.1
100000000006,business-unit-07,2025-09,EC2,5573.27
100000000006,business-unit-07,2025-09,S3,7858.51
100000000006,business-unit-07,2025-09,RDS,9162.62
100000000006,business-unit-07,2025-09,Lambda,10821.56
100000000006,business-unit-07,2025-09,EKS,12449.94
100000000006,business-unit-07,2025-09,CloudFront,14548.7
100000000006,business-unit-07,2025-08,EC2,6397.3
100000000006,business-unit-07,2025-08,S3,7898.39
100000000006,business-unit-07,2025-08,RDS,10076.16
100000000006,business-unit-07,2025-08,Lambda,11615.64
100000000006,business-unit-07,2025-08,EKS,13334.74
100000000006,business-unit-07,2025-08,CloudFront,15335.95
100000000006,business-unit-07,2025-07,EC2,6268.93
100000000006,business-unit-07,2025-07,S3,8256.68
100000000006,business-unit-07,2025-07,RDS,10230.02
100000000006,business-unit-07,2025-07,Lambda,12510.62
100000000006,business-unit-07,2025-07,EKS,14476.91
100000000006,business-unit-07,2025-07,CloudFront,16527.69
100000000006,business-unit-07,2025-06,EC2,7001.92
100000000006,business-unit-07,2025-06,S3,9135.32
100000000006,business-unit-07,2025-06,RDS,10898.47
100000000006,business-unit-07,2025-06,Lambda,13187.85
100000000006,business-unit-07,2025-06,EKS,14726.51
100000000006,business-unit-07,2025-06,CloudFront,16825.84
100000000006,business-unit-07,2025-05,EC2,5712.85
100000000006,business-unit-07,2025-05,S3,7367.8
100000000006,business-unit-07,2025-05,RDS,9283.29
100000000006,business-unit-07,2025-05,Lambda,11136.4
100000000006,business-unit-07,2025-05,EKS,12859.61
100000000006,business-unit-07,2025-05,CloudFront,14054.82
100000000006,business-unit-07,2025-04,EC2,6596.42
100000000006,business-unit-07,2025-04,S3,7510.85
100000000006,business-unit-07,2025-04,RDS,9418.09
100000000006,business-unit-07,2025-04,Lambda,11295.36
100000000006,business-unit-07,2025-04,EKS,13862.61
100000000006,business-unit-07,2025-04,CloudFront,15222.39
100000000007,business-unit-08,2026-03,EC2,7756.01
100000000007,business-unit-08,2026-03,S3,9581.02
100000000007,business-unit-08,2026-03,RDS,11699.63
100000000007,business-unit-08,2026-03,Lambda,14344.49
100000000007,business-unit-08,2026-03,EKS,15880.35
100000000007,business-unit-08,2026-03,CloudFront,18071.77
100000000007,business-unit-08,2026-02,EC2,5916.63
100000000007,business-unit-08,2026-02,S3,8352.79
100000000007,business-unit-08,2026-02,RDS,9394.5
100000000007,business-unit-08,2026-02,Lambda,11988.74
100000000007,business-unit-08,2026-02,EKS,13697.15
100000000007,business-unit-08,2026-02,CloudFront,15138.1
100000000007,business-unit-08,2026-01,EC2,6603.94
100000000007,business-unit-08,2026-01,S3,8560.1
100000000007,business-unit-08,2026-01,RDS,10864.85
100000000007,business-unit-08,2026-01,Lambda,12085.83
100000000007,business-unit-08,2026-01,EKS,13928.33
100000000007,business-unit-08,2026-01,CloudFront,16183.98
100000000007,business-unit-08,2025-12,EC2,6581.57
100000000007,business-unit-08,2025-12,S3,8872.05
100000000007,business-unit-08,2025-12,RDS,11149.61
100000000007,business-unit-08,2025-12,Lambda,12891.14
100000000007,business-unit-08,2025-12,EKS,15513.56
100000000007,business-unit-08,2025-12,CloudFront,16903.59
100000000007,business-unit-08,2025-11,EC2,7202.01
100000000007,business-unit-08,2025-11,S3,9887.04
100000000007,business-unit-08,2025-11,RDS,11905.45
100000000007,business-unit-08,2025-11,Lambda,14088.15
100000000007,business-unit-08,2025-11,EKS,16346.86
100000000007,business-unit-08,2025-11,CloudFront,17950.71
100000000007,business-unit-08,2025-10,EC2,6490.26
100000000007,business-unit-08,2025-10,S3,8194.98
100000000007,business-unit-08,2025-10,RDS,9921.3
100000000007,business-unit-08,2025-10,Lambda,12070.17
100000000007,business-unit-08,2025-10,EKS,13607.39
100000000007,business-unit-08,2025-10,CloudFront,15161.31
100000000007,business-unit-08,2025-09,EC2,6772.21
100000000007,business-unit-08,2025-09,S3,8579.06
100000000007,business-unit-08,2025-09,RDS,10059.77
100000000007,business-unit-08,2025-09,Lambda,11991.98
100000000007,business-unit-08,2025-09,EKS,14624.84
100000000007,business-unit-08,2025-09,CloudFront,16176.64
100000000007,business-unit-08,2025-08,EC2,7226.36
100000000007,business-unit-08,2025-08,S3,8919.02
100000000007,business-unit-08,2025-08,RDS,11421.0
100000000007,business-unit-08,2025-08,Lambda,13496.1
100000000007,business-unit-08,2025-08,EKS,14958.42
100000000007,business-unit-08,2025-08,CloudFront,17436.42
100000000007,business-unit-08,2025-07,EC2,7394.39
100000000007,business-unit-08,2025-07,S3,9025.91
100000000007,business-unit-08,2025-07,RDS,11946.45
100000000007,business-unit-08,2025-07,Lambda,13764.11
100000000007,business-unit-08,2025-07,EKS,15883.14
100000000007,business-unit-08,2025-07,CloudFront,17825.57
100000000007,business-unit-08,2025-06,EC2,6218.77
100000000007,business-unit-08,2025-06,S3,7681.96
100000000007,business-unit-08,2025-06,RDS,9851.16
100000000007,business-unit-08,2025-06,Lambda,11417.66
100000000007,business-unit-08,2025-06,EKS,13089.91
100000000007,business-unit-08,2025-06,CloudFront,15570.94
100000000007,business-unit-08,2025-05,EC2,6451.2
100000000007,business-unit-08,2025-05,S3,8454.93
100000000007,business-unit-08,2025-05,RDS,10550.6
100000000007,business-unit-08,2025-05,Lambda,12418.34
100000000007,business-unit-08,2025-05,EKS,14103.46
100000000007,business-unit-08,2025-05,CloudFront,16121.4
100000000007,business-unit-08,2025-04,EC2,6824.69
100000000007,business-unit-08,2025-04,S3,8648.9
100000000007,business-unit-08,2025-04,RDS,10674.98
100000000007,business-unit-08,2025-04,Lambda,13212.67
100000000007,business-unit-08,2025-04,EKS,14789.89
100000000007,business-unit-08,2025-04,CloudFront,17195.51
100000000008,business-unit-09,2026-03,EC2,6665.45
100000000008,business-unit-09,2026-03,S3,8900.66
100000000008,business-unit-09,2026-03,RDS,10359.99
100000000008,business-unit-09,2026-03,Lambda,12606.23
100000000008,business-unit-09,2026-03,EKS,14527.6
100000000008,business-unit-09,2026-03,CloudFront,16599.1
100000000008,business-unit-09,2026-02,EC2,7314.12
100000000008,business-unit-09,2026-02,S3,8987.98
100000000008,business-unit-09,2026-02,RDS,10667.63
100000000008,business-unit-09,2026-02,Lambda,13171.97
100000000008,business-unit-09,2026-02,EKS,15135.79
100000000008,business-unit-09,2026-02,CloudFront,17321.62
100000000008,business-unit-09,2026-01,EC2,7034.58
100000000008,business-unit-09,2026-01,S3,9810.82
100000000008,business-unit-09,2026-01,RDS,11864.46
100000000008,business-unit-09,2026-01,Lambda,13620.22
100000000008,business-unit-09,2026-01,EKS,15805.95
100000000008,business-unit-09,2026-01,CloudFront,18693.8
100000000008,business-unit-09,2025-12,EC2,8025.72
100000000008,business-unit-09,2025-12,S3,9914.78
100000000008,business-unit-09,2025-12,RDS,12558.58
100000000008,business-unit-09,2025-12,Lambda,15030.81
100000000008,business-unit-09,2025-12,EKS,17120.51
100000000008,business-unit-09,2025-12,CloudFront,19331.58
100000000008,business-unit-09,2025-11,EC2,6472.13
100000000008,business-unit-09,2025-11,S3,8623.27
100000000008,business-unit-09,2025-11,RDS,10508.07
100000000008,business-unit-09,2025-11,Lambda,12866.8
100000000008,business-unit-09,2025-11,EKS,14260.31
100000000008,business-unit-09,2025-11,CloudFront,16173.44
100000000008,business-unit-09,2025-10,EC2,7249.06
100000000008,business-unit-09,2025-10,S3,9118.78
100000000008,business-unit-09,2025-10,RDS,11383.98
100000000008,business-unit-09,2025-10,Lambda,13133.99
100000000008,business-unit-09,2025-10,EKS,15549.88
100000000008,business-unit-09,2025-10,CloudFront,17400.74
100000000008,business-unit-09,2025-09,EC2,7096.67
100000000008,business-unit-09,2025-09,S3,9710.76
100000000008,business-unit-09,2025-09,RDS,11364.24
100000000008,business-unit-09,2025-09,Lambda,14383.52
100000000008,business-unit-09,2025-09,EKS,16253.64
100000000008,business-unit-09,2025-09,CloudFront,18379.42
100000000008,business-unit-09,2025-08,EC2,7831.35
100000000008,business-unit-09,2025-08,S3,10044.96
100000000008,business-unit-09,2025-08,RDS,12468.93
100000000008,business-unit-09,2025-08,Lambda,15058.92
100000000008,business-unit-09,2025-08,EKS,16781.77
100000000008,business-unit-09,2025-08,CloudFront,19858.89
100000000008,business-unit-09,2025-07,EC2,6145.49
100000000008,business-unit-09,2025-07,S3,8136.75
100000000008,business-unit-09,2025-07,RDS,10760.88
100000000008,business-unit-09,2025-07,Lambda,12674.38
100000000008,business-unit-09,2025-07,EKS,14255.65
100000000008,business-unit-09,2025-07,CloudFront,16319.34
100000000008,business-unit-09,2025-06,EC2,7103.0
100000000008,business-unit-09,2025-06,S3,8643.37
100000000008,business-unit-09,2025-06,RDS,11415.06
100000000008,business-unit-09,2025-06,Lambda,13563.3
100000000008,business-unit-09,2025-06,EKS,15660.01
100000000008,business-unit-09,2025-06,CloudFront,17487.77
100000000008,business-unit-09,2025-05,EC2,6872.5
100000000008,business-unit-09,2025-05,S3,9220.67
100000000008,business-unit-09,2025-05,RDS,11432.0
100000000008,business-unit-09,2025-05,Lambda,14003.89
100000000008,business-unit-09,2025-05,EKS,16078.64
100000000008,business-unit-09,2025-05,CloudFront,18466.15
100000000008,business-unit-09,2025-04,EC2,7454.68
100000000008,business-unit-09,2025-04,S3,10252.64
100000000008,business-unit-09,2025-04,RDS,12242.37
100000000008,business-unit-09,2025-04,Lambda,14819.76
100000000008,business-unit-09,2025-04,EKS,17481.94
100000000008,business-unit-09,2025-04,CloudFront,19240.12
100000000009,business-unit-10,2026-03,EC2,7572.69
100000000009,business-unit-10,2026-03,S3,9135.2
100000000009,business-unit-10,2026-03,RDS,12190.6
100000000009,business-unit-10,2026-03,Lambda,14142.87
100000000009,business-unit-10,2026-03,EKS,16554.94
100000000009,business-unit-10,2026-03,CloudFront,18026.19
100000000009,business-unit-10,2026-02,EC2,7641.87
100000000009,business-unit-10,2026-02,S3,10227.42
100000000009,business-unit-10,2026-02,RDS,12331.21
100000000009,business-unit-10,2026-02,Lambda,14495.1
100000000009,business-unit-10,2026-02,EKS,17204.13
100000000009,business-unit-10,2026-02,CloudFront,19081.62
100000000009,business-unit-10,2026-01,EC2,8389.27
100000000009,business-unit-10,2026-01,S3,10389.83
100000000009,business-unit-10,2026-01,RDS,13607.49
100000000009,business-unit-10,2026-01,Lambda,15381.95
100000000009,business-unit-10,2026-01,EKS,17743.08
100000000009,business-unit-10,2026-01,CloudFront,20569.72
100000000009,business-unit-10,2025-12,EC2,7345.07
100000000009,business-unit-10,2025-12,S3,9078.13
100000000009,business-unit-10,2025-12,RDS,11512.31
100000000009,business-unit-10,2025-12,Lambda,12874.6
100000000009,business-unit-10,2025-12,EKS,15457.21
100000000009,business-unit-10,2025-12,CloudFront,17037.75
100000000009,business-unit-10,2025-11,EC2,7208.8
100000000009,business-unit-10,2025-11,S3,9337.12
100000000009,business-unit-10,2025-11,RDS,11938.76
100000000009,business-unit-10,2025-11,Lambda,13765.24
100000000009,business-unit-10,2025-11,EKS,15771.56
100000000009,business-unit-10,2025-11,CloudFront,18248.74
100000000009,business-unit-10,2025-10,EC2,7756.48
100000000009,business-unit-10,2025-10,S3,10139.59
100000000009,business-unit-10,2025-10,RDS,12100.49
100000000009,business-unit-10,2025-10,Lambda,15002.93
100000000009,business-unit-10,2025-10,EKS,17317.67
100000000009,business-unit-10,2025-10,CloudFront,19524.17
100000000009,business-unit-10,2025-09,EC2,7993.05
100000000009,business-unit-10,2025-09,S3,10785.25
100000000009,business-unit-10,2025-09,RDS,13435.21
100000000009,business-unit-10,2025-09,Lambda,16053.35
100000000009,business-unit-10,2025-09,EKS,18403.56
100000000009,business-unit-10,2025-09,CloudFront,21008.98
100000000009,business-unit-10,2025-08,EC2,6515.23
100000000009,business-unit-10,2025-08,S3,9374.33
100000000009,business-unit-10,2025-08,RDS,11036.14
100000000009,business-unit-10,2025-08,Lambda,12751.46
100000000009,business-unit-10,2025-08,EKS,15602.49
100000000009,business-unit-10,2025-08,CloudFront,17097.53
100000000009,business-unit-10,2025-07,EC2,7782.52
100000000009,business-unit-10,2025-07,S3,9187.03
100000000009,business-unit-10,2025-07,RDS,11554.69
100000000009,business-unit-10,2025-07,Lambda,14164.18
100000000009,business-unit-10,2025-07,EKS,16182.87
100000000009,business-unit-10,2025-07,CloudFront,18752.01
100000000009,business-unit-10,2025-06,EC2,7789.21
100000000009,business-unit-10,2025-06,S3,10235.15
100000000009,business-unit-10,2025-06,RDS,12262.43
100000000009,business-unit-10,2025-06,Lambda,15249.7
100000000009,business-unit-10,2025-06,EKS,17187.64
100000000009,business-unit-10,2025-06,CloudFront,19143.39
100000000009,business-unit-10,2025-05,EC2,8044.77
100000000009,business-unit-10,2025-05,S3,10617.02
100000000009,business-unit-10,2025-05,RDS,13287.75
100000000009,business-unit-10,2025-05,Lambda,15432.19
100000000009,business-unit-10,2025-05,EKS,17695.0
100000000009,business-unit-10,2025-05,CloudFront,20943.35
100000000009,business-unit-10,2025-04,EC2,6673.59
100000000009,business-unit-10,2025-04,S3,9427.1
100000000009,business-unit-10,2025-04,RDS,11213.6
100000000009,business-unit-10,2025-04,Lambda,13066.41
100000000009,business-unit-10,2025-04,EKS,15075.09
100000000009,business-unit-10,2025-04,CloudFront,17437.33
100000000010,business-unit-11,2026-03,EC2,8248.63
100000000010,business-unit-11,2026-03,S3,10611.53
100000000010,business-unit-11,2026-03,RDS,13292.18
100000000010,business-unit-11,2026-03,Lambda,15193.15
100000000010,business-unit-11,2026-03,EKS,17789.79
100000000010,business-unit-11,2026-03,CloudFront,20248.41
100000000010,business-unit-11,2026-02,EC2,8407.48
100000000010,business-unit-11,2026-02,S3,11548.86
100000000010,business-unit-11,2026-02,RDS,14034.74
100000000010,business-unit-11,2026-02,Lambda,16199.69
100000000010,business-unit-11,2026-02,EKS,19465.89
100000000010,business-unit-11,2026-02,CloudFront,22195.1
100000000010,business-unit-11,2026-01,EC2,7287.95
100000000010,business-unit-11,2026-01,S3,9039.51
100000000010,business-unit-11,2026-01,RDS,12031.4
100000000010,business-unit-11,2026-01,Lambda,13488.73
100000000010,business-unit-11,2026-01,EKS,16174.72
100000000010,business-unit-11,2026-01,CloudFront,18621.21
100000000010,business-unit-11,2025-12,EC2,8127.15
100000000010,business-unit-11,2025-12,S3,9995.56
100000000010,business-unit-11,2025-12,RDS,12291.46
100000000010,business-unit-11,2025-12,Lambda,14908.06
100000000010,business-unit-11,2025-12,EKS,16706.59
100000000010,business-unit-11,2025-12,CloudFront,19854.1
100000000010,business-unit-11,2025-11,EC2,8404.82
100000000010,business-unit-11,2025-11,S3,10330.73
100000000010,business-unit-11,2025-11,RDS,12783.94
100000000010,business-unit-11,2025-11,Lambda,15855.76
100000000010,business-unit-11,2025-11,EKS,18524.69
100000000010,business-unit-11,2025-11,CloudFront,20614.66
100000000010,business-unit-11,2025-10,EC2,8949.53
100000000010,business-unit-11,2025-10,S3,11687.69
100000000010,business-unit-11,2025-10,RDS,14293.98
100000000010,business-unit-11,2025-10,Lambda,16271.72
100000000010,business-unit-11,2025-10,EKS,19496.34
100000000010,business-unit-11,2025-10,CloudFront,21505.67
100000000010,business-unit-11,2025-09,EC2,6942.56
100000000010,business-unit-11,2025-09,S3,9786.95
100000000010,business-unit-11,2025-09,RDS,11527.62
100000000010,business-unit-11,2025-09,Lambda,13964.11
100000000010,business-unit-11,2025-09,EKS,15973.65
100000000010,business-unit-11,2025-09,CloudFront,18508.36
100000000010,business-unit-11,2025-08,EC2,7495.74
100000000010,business-unit-11,2025-08,S3,10010.63
100000000010,business-unit-11,2025-08,RDS,12083.26
100000000010,business-unit-11,2025-08,Lambda,14449.9
100000000010,business-unit-11,2025-08,EKS,17542.23
100000000010,business-unit-11,2025-08,CloudFront,19375.6
100000000010,business-unit-11,2025-07,EC2,7958.39
100000000010,business-unit-11,2025-07,S3,10757.21
100000000010,business-unit-11,2025-07,RDS,13143.44
100000000010,business-unit-11,2025-07,Lambda,15513.97
100000000010,business-unit-11,2025-07,EKS,18539.68
100000000010,business-unit-11,2025-07,CloudFront,20419.47
100000000010,business-unit-11,2025-06,EC2,8564.59
100000000010,business-unit-11,2025-06,S3,11434.1
100000000010,business-unit-11,2025-06,RDS,14324.15
100000000010,business-unit-11,2025-06,Lambda,16867.96
100000000010,business-unit-11,2025-06,EKS,19546.12
100000000010,business-unit-11,2025-06,CloudFront,21624.35
100000000010,business-unit-11,2025-05,EC2,7506.29
100000000010,business-unit-11,2025-05,S3,9800.9
100000000010,business-unit-11,2025-05,RDS,11234.82
100000000010,business-unit-11,2025-05,Lambda,14327.46
100000000010,business-unit-11,2025-05,EKS,16178.72
100000000010,business-unit-11,2025-05,CloudFront,18596.8
100000000010,business-unit-11,2025-04,EC2,7900.71
100000000010,business-unit-11,2025-04,S3,10502.71
100000000010,business-unit-11,2025-04,RDS,12602.35
100000000010,business-unit-11,2025-04,Lambda,15032.86
100000000010,business-unit-11,2025-04,EKS,16848.49
100000000010,business-unit-11,2025-04,CloudFront,19483.19
100000000011,business-unit-12,2026-03,EC2,9286.3
100000000011,business-unit-12,2026-03,S3,12002.99
100000000011,business-unit-12,2026-03,RDS,14636.49
100000000011,business-unit-12,2026-03,Lambda,17190.69
100000000011,business-unit-12,2026-03,EKS,20058.7
100000000011,business-unit-12,2026-03,CloudFront,23090.68
100000000011,business-unit-12,2026-02,EC2,7725.85
100000000011,business-unit-12,2026-02,S3,9803.29
100000000011,business-unit-12,2026-02,RDS,12534.0
100000000011,business-unit-12,2026-02,Lambda,15006.47
100000000011,business-unit-12,2026-02,EKS,16464.47
100000000011,business-unit-12,2026-02,CloudFront,19037.01
100000000011,business-unit-12,2026-01,EC2,8170.88
100000000011,business-unit-12,2026-01,S3,11009.1
100000000011,business-unit-12,2026-01,RDS,13265.14
100000000011,business-unit-12,2026-01,Lambda,15488.93
100000000011,business-unit-12,2026-01,EKS,17725.12
100000000011,business-unit-12,2026-01,CloudFront,20512.63
100000000011,business-unit-12,2025-12,EC2,8887.96
100000000011,business-unit-12,2025-12,S3,11374.6
100000000011,business-unit-12,2025-12,RDS,14033.88
100000000011,business-unit-12,2025-12,Lambda,16830.69
100000000011,business-unit-12,2025-12,EKS,19346.0
100000000011,business-unit-12,2025-12,CloudFront,21603.92
100000000011,business-unit-12,2025-11,EC2,8796.03
100000000011,business-unit-12,2025-11,S3,11662.1
100000000011,business-unit-12,2025-11,RDS,14177.82
100000000011,business-unit-12,2025-11,Lambda,17227.52
100000000011,business-unit-12,2025-11,EKS,20365.64
100000000011,business-unit-12,2025-11,CloudFront,23146.9
100000000011,business-unit-12,2025-10,EC2,7319.63
100000000011,business-unit-12,2025-10,S3,10456.51
100000000011,business-unit-12,2025-10,RDS,12098.17
100000000011,business-unit-12,2025-10,Lambda,14230.88
100000000011,business-unit-12,2025-10,EKS,16981.16
100000000011,business-unit-12,2025-10,CloudFront,19266.49
100000000011,business-unit-12,2025-09,EC2,8388.67
100000000011,business-unit-12,2025-09,S3,10286.7
100000000011,business-unit-12,2025-09,RDS,12626.36
100000000011,business-unit-12,2025-09,Lambda,15821.82
100000000011,business-unit-12,2025-09,EKS,18093.12
100000000011,business-unit-12,2025-09,CloudFront,20224.7
100000000011,business-unit-12,2025-08,EC2,8874.49
100000000011,business-unit-12,2025-08,S3,11445.34
100000000011,business-unit-12,2025-08,RDS,14308.89
100000000011,business-unit-12,2025-08,Lambda,16092.32
100000000011,business-unit-12,2025-08,EKS,18660.47
100000000011,business-unit-12,2025-08,CloudFront,21573.97
100000000011,business-unit-12,2025-07,EC2,9204.24
100000000011,business-unit-12,2025-07,S3,11712.4
100000000011,business-unit-12,2025-07,RDS,14188.05
100000000011,business-unit-12,2025-07,Lambda,17528.16
100000000011,business-unit-12,2025-07,EKS,19795.31
100000000011,business-unit-12,2025-07,CloudFront,22726.91
100000000011,business-unit-12,2025-06,EC2,7899.94
100000000011,business-unit-12,2025-06,S3,9944.67
100000000011,business-unit-12,2025-06,RDS,12762.24
100000000011,business-unit-12,2025-06,Lambda,14907.82
100000000011,business-unit-12,2025-06,EKS,17396.51
100000000011,business-unit-12,2025-06,CloudFront,19308.54
100000000011,business-unit-12,2025-05,EC2,8519.1
100000000011,business-unit-12,2025-05,S3,10731.03
100000000011,business-unit-12,2025-05,RDS,13106.48
100000000011,business-unit-12,2025-05,Lambda,15630.82
100000000011,business-unit-12,2025-05,EKS,17863.06
100000000011,business-unit-12,2025-05,CloudFront,20265.74
100000000011,business-unit-12,2025-04,EC2,8884.59
100000000011,business-unit-12,2025-04,S3,11434.27
100000000011,business-unit-12,2025-04,RDS,14010.09
100000000011,business-unit-12,2025-04,Lambda,16666.03
100000000011,business-unit-12,2025-04,EKS,19097.2
100000000011,business-unit-12,2025-04,CloudFront,21454.89
100000000012,business-unit-13,2026-03,EC2,7995.72
100000000012,business-unit-13,2026-03,S3,10341.76
100000000012,business-unit-13,2026-03,RDS,12996.84
100000000012,business-unit-13,2026-03,Lambda,15318.39
100000000012,business-unit-13,2026-03,EKS,17900.79
100000000012,business-unit-13,2026-03,CloudFront,20149.84
100000000012,business-unit-13,2026-02,EC2,8511.53
100000000012,business-unit-13,2026-02,S3,11048.95
100000000012,business-unit-13,2026-02,RDS,14017.8
100000000012,business-unit-13,2026-02,Lambda,16147.77
100000000012,business-unit-13,2026-02,EKS,18802.93
100000000012,business-unit-13,2026-02,CloudFront,21203.35
100000000012,business-unit-13,2026-01,EC2,8783.38
100000000012,business-unit-13,2026-01,S3,11926.21
100000000012,business-unit-13,2026-01,RDS,14406.1
100000000012,business-unit-13,2026-01,Lambda,16895.1
100000000012,business-unit-13,2026-01,EKS,20369.11
100000000012,business-unit-13,2026-01,CloudFront,22807.63
100000000012,business-unit-13,2025-12,EC2,9666.67
100000000012,business-unit-13,2025-12,S3,12712.38
100000000012,business-unit-13,2025-12,RDS,15756.68
100000000012,business-unit-13,2025-12,Lambda,17880.49
100000000012,business-unit-13,2025-12,EKS,20765.38
100000000012,business-unit-13,2025-12,CloudFront,23644.57
100000000012,business-unit-13,2025-11,EC2,7763.73
100000000012,business-unit-13,2025-11,S3,10194.57
100000000012,business-unit-13,2025-11,RDS,12754.86
100000000012,business-unit-13,2025-11,Lambda,15163.98
100000000012,business-unit-13,2025-11,EKS,18085.51
100000000012,business-unit-13,2025-11,CloudFront,20394.4
100000000012,business-unit-13,2025-10,EC2,8328.1
100000000012,business-unit-13,2025-10,S3,11330.8
100000000012,business-unit-13,2025-10,RDS,14201.62
100000000012,business-unit-13,2025-10,Lambda,16795.08
100000000012,business-unit-13,2025-10,EKS,19154.44
100000000012,business-unit-13,2025-10,CloudFront,21735.59
100000000012,business-unit-13,2025-09,EC2,9428.04
100000000012,business-unit-13,2025-09,S3,11321.23
100000000012,business-unit-13,2025-09,RDS,14349.46
100000000012,business-unit-13,2025-09,Lambda,17597.99
100000000012,business-unit-13,2025-09,EKS,20312.61
100000000012,business-unit-13,2025-09,CloudFront,22704.1
100000000012,business-unit-13,2025-08,EC2,9440.67
100000000012,business-unit-13,2025-08,S3,12516.76
100000000012,business-unit-13,2025-08,RDS,15498.94
100000000012,business-unit-13,2025-08,Lambda,18235.4
100000000012,business-unit-13,2025-08,EKS,21184.61
100000000012,business-unit-13,2025-08,CloudFront,24331.3
100000000012,business-unit-13,2025-07,EC2,7715.26
100000000012,business-unit-13,2025-07,S3,10385.39
100000000012,business-unit-13,2025-07,RDS,12657.66
100000000012,business-unit-13,2025-07,Lambda,15588.08
100000000012,business-unit-13,2025-07,EKS,17761.44
100000000012,business-unit-13,2025-07,CloudFront,20235.07
100000000012,business-unit-13,2025-06,EC2,8814.04
100000000012,business-unit-13,2025-06,S3,11380.18
100000000012,business-unit-13,2025-06,RDS,13939.9
100000000012,business-unit-13,2025-06,Lambda,16284.93
100000000012,business-unit-13,2025-06,EKS,19192.0
100000000012,business-unit-13,2025-06,CloudFront,21330.18
100000000012,business-unit-13,2025-05,EC2,8739.73
100000000012,business-unit-13,2025-05,S3,12044.74
100000000012,business-unit-13,2025-05,RDS,14728.0
100000000012,business-unit-13,2025-05,Lambda,17015.91
100000000012,business-unit-13,2025-05,EKS,19996.11
100000000012,business-unit-13,2025-05,CloudFront,22851.0
100000000012,business-unit-13,2025-04,EC2,9411.17
100000000012,business-unit-13,2025-04,S3,12514.43
100000000012,business-unit-13,2025-04,RDS,14998.33
100000000012,business-unit-13,2025-04,Lambda,18683.19
100000000012,business-unit-13,2025-04,EKS,20706.8
100000000012,business-unit-13,2025-04,CloudFront,24378.08
100000000013,business-unit-14,2026-03,EC2,8917.73
100000000013,business-unit-14,2026-03,S3,12038.85
100000000013,business-unit-14,2026-03,RDS,14024.12
100000000013,business-unit-14,2026-03,Lambda,16757.12
100000000013,business-unit-14,2026-03,EKS,19856.94
100000000013,business-unit-14,2026-03,CloudFront,22759.23
100000000013,business-unit-14,2026-02,EC2,9069.44
100000000013,business-unit-14,2026-02,S3,12528.28
100000000013,business-unit-14,2026-02,RDS,15586.98
100000000013,business-unit-14,2026-02,Lambda,18531.39
100000000013,business-unit-14,2026-02,EKS,21261.78
100000000013,business-unit-14,2026-02,CloudFront,23991.97
100000000013,business-unit-14,2026-01,EC2,10113.59
100000000013,business-unit-14,2026-01,S3,12914.11
100000000013,business-unit-14,2026-01,RDS,16291.67
100000000013,business-unit-14,2026-01,Lambda,19363.45
100000000013,business-unit-14,2026-01,EKS,22080.97
100000000013,business-unit-14,2026-01,CloudFront,25382.55
100000000013,business-unit-14,2025-12,EC2,8480.76
100000000013,business-unit-14,2025-12,S3,11314.67
100000000013,business-unit-14,2025-12,RDS,13823.75
100000000013,business-unit-14,2025-12,Lambda,15822.47
100000000013,business-unit-14,2025-12,EKS,18274.39
100000000013,business-unit-14,2025-12,CloudFront,20802.16
100000000013,business-unit-14,2025-11,EC2,8549.92
100000000013,business-unit-14,2025-11,S3,11889.76
100000000013,business-unit-14,2025-11,RDS,14797.53
100000000013,business-unit-14,2025-11,Lambda,17335.54
100000000013,business-unit-14,2025-11,EKS,19459.42
100000000013,business-unit-14,2025-11,CloudFront,22419.44
100000000013,business-unit-14,2025-10,EC2,9794.18
100000000013,business-unit-14,2025-10,S3,12777.45
100000000013,business-unit-14,2025-10,RDS,15306.71
100000000013,business-unit-14,2025-10,Lambda,17647.79
100000000013,business-unit-14,2025-10,EKS,20592.55
100000000013,business-unit-14,2025-10,CloudFront,23930.14
100000000013,business-unit-14,2025-09,EC2,10306.56
100000000013,business-unit-14,2025-09,S3,13486.81
100000000013,business-unit-14,2025-09,RDS,15913.76
100000000013,business-unit-14,2025-09,Lambda,19011.02
100000000013,business-unit-14,2025-09,EKS,22363.74
100000000013,business-unit-14,2025-09,CloudFront,25529.29
100000000013,business-unit-14,2025-08,EC2,8440.72
100000000013,business-unit-14,2025-08,S3,11072.88
100000000013,business-unit-14,2025-08,RDS,13266.75
100000000013,business-unit-14,2025-08,Lambda,15985.65
100000000013,business-unit-14,2025-08,EKS,18675.86
100000000013,business-unit-14,2025-08,CloudFront,21156.43
100000000013,business-unit-14,2025-07,EC2,8602.71
100000000013,business-unit-14,2025-07,S3,12081.96
100000000013,business-unit-14,2025-07,RDS,14702.54
100000000013,business-unit-14,2025-07,Lambda,17102.99
100000000013,business-unit-14,2025-07,EKS,19782.12
100000000013,business-unit-14,2025-07,CloudFront,22641.48
100000000013,business-unit-14,2025-06,EC2,9122.1
100000000013,business-unit-14,2025-06,S3,12503.16
100000000013,business-unit-14,2025-06,RDS,15519.87
100000000013,business-unit-14,2025-06,Lambda,18314.02
100000000013,business-unit-14,2025-06,EKS,21102.7
100000000013,business-unit-14,2025-06,CloudFront,23714.77
100000000013,business-unit-14,2025-05,EC2,10442.62
100000000013,business-unit-14,2025-05,S3,12673.24
100000000013,business-unit-14,2025-05,RDS,16557.11
100000000013,business-unit-14,2025-05,Lambda,19335.45
100000000013,business-unit-14,2025-05,EKS,22172.77
100000000013,business-unit-14,2025-05,CloudFront,25559.8
100000000013,business-unit-14,2025-04,EC2,8417.23
100000000013,business-unit-14,2025-04,S3,11170.27
100000000013,business-unit-14,2025-04,RDS,13413.59
100000000013,business-unit-14,2025-04,Lambda,16542.19
100000000013,business-unit-14,2025-04,EKS,18480.97
100000000013,business-unit-14,2025-04,CloudFront,21505.35
100000000014,business-unit-15,2026-03,EC2,9615.08
100000000014,business-unit-15,2026-03,S3,13101.88
100000000014,business-unit-15,2026-03,RDS,15976.86
100000000014,business-unit-15,2026-03,Lambda,18638.15
100000000014,business-unit-15,2026-03,EKS,21542.21
100000000014,business-unit-15,2026-03,CloudFront,24748.47
100000000014,business-unit-15,2026-02,EC2,9985.54
100000000014,business-unit-15,2026-02,S3,13286.83
100000000014,business-unit-15,2026-02,RDS,17183.22
100000000014,business-unit-15,2026-02,Lambda,20422.39
100000000014,business-unit-15,2026-02,EKS,22996.11
100000000014,business-unit-15,2026-02,CloudFront,26687.99
100000000014,business-unit-15,2026-01,EC2,8930.77
100000000014,business-unit-15,2026-01,S3,11231.48
100000000014,business-unit-15,2026-01,RDS,14451.6
100000000014,business-unit-15,2026-01,Lambda,16851.67
100000000014,business-unit-15,2026-01,EKS,19019.57
100000000014,business-unit-15,2026-01,CloudFront,22022.77
100000000014,business-unit-15,2025-12,EC2,9438.02
100000000014,business-unit-15,2025-12,S3,12062.63
100000000014,business-unit-15,2025-12,RDS,14639.92
100000000014,business-unit-15,2025-12,Lambda,18079.89
100000000014,business-unit-15,2025-12,EKS,20780.37
100000000014,business-unit-15,2025-12,CloudFront,23793.4
100000000014,business-unit-15,2025-11,EC2,9793.69
100000000014,business-unit-15,2025-11,S3,13009.95
100000000014,business-unit-15,2025-11,RDS,15760.72
100000000014,business-unit-15,2025-11,Lambda,18530.0
100000000014,business-unit-15,2025-11,EKS,22274.01
100000000014,business-unit-15,2025-11,CloudFront,25304.9
100000000014,business-unit-15,2025-10,EC2,10156.72
100000000014,business-unit-15,2025-10,S3,14063.07
100000000014,business-unit-15,2025-10,RDS,16511.7
100000000014,business-unit-15,2025-10,Lambda,20464.52
100000000014,business-unit-15,2025-10,EKS,23249.72
100000000014,business-unit-15,2025-10,CloudFront,26866.72
100000000014,business-unit-15,2025-09,EC2,9059.76
100000000014,business-unit-15,2025-09,S3,11736.41
100000000014,business-unit-15,2025-09,RDS,13770.48
100000000014,business-unit-15,2025-09,Lambda,17052.28
100000000014,business-unit-15,2025-09,EKS,19381.12
100000000014,business-unit-15,2025-09,CloudFront,22313.81
100000000014,business-unit-15,2025-08,EC2,9689.64
100000000014,business-unit-15,2025-08,S3,12314.57
100000000014,business-unit-15,2025-08,RDS,15084.17
100000000014,business-unit-15,2025-08,Lambda,18185.7
100000000014,business-unit-15,2025-08,EKS,20468.17
100000000014,business-unit-15,2025-08,CloudFront,23362.77
100000000014,business-unit-15,2025-07,EC2,9958.34
100000000014,business-unit-15,2025-07,S3,13196.39
100000000014,business-unit-15,2025-07,RDS,16167.57
100000000014,business-unit-15,2025-07,Lambda,18623.46
100000000014,business-unit-15,2025-07,EKS,21719.02
100000000014,business-unit-15,2025-07,CloudFront,25212.13
100000000014,business-unit-15,2025-06,EC2,10298.61
100000000014,business-unit-15,2025-06,S3,14003.16
100000000014,business-unit-15,2025-06,RDS,16432.81
100000000014,business-unit-15,2025-06,Lambda,19713.94
100000000014,business-unit-15,2025-06,EKS,22914.98
100000000014,business-unit-15,2025-06,CloudFront,26756.13
100000000014,business-unit-15,2025-05,EC2,8499.9
100000000014,business-unit-15,2025-05,S3,11460.91
100000000014,business-unit-15,2025-05,RDS,14362.37
100000000014,business-unit-15,2025-05,Lambda,16958.99
100000000014,business-unit-15,2025-05,EKS,19038.23
100000000014,business-unit-15,2025-05,CloudFront,21847.45
100000000014,business-unit-15,2025-04,EC2,9031.97
100000000014,business-unit-15,2025-04,S3,12086.47
100000000014,business-unit-15,2025-04,RDS,15138.27
100000000014,business-unit-15,2025-04,Lambda,17475.68
100000000014,business-unit-15,2025-04,EKS,20327.01
100000000014,business-unit-15,2025-04,CloudFront,23340.41
100000000015,business-unit-16,2026-03,EC2,10810.53
100000000015,business-unit-16,2026-03,S3,13830.85
100000000015,business-unit-16,2026-03,RDS,17838.61
100000000015,business-unit-16,2026-03,Lambda,20897.79
100000000015,business-unit-16,2026-03,EKS,24359.87
100000000015,business-unit-16,2026-03,CloudFront,27846.32
100000000015,business-unit-16,2026-02,EC2,9494.88
100000000015,business-unit-16,2026-02,S3,12084.45
100000000015,business-unit-16,2026-02,RDS,14530.22
100000000015,business-unit-16,2026-02,Lambda,17602.76
100000000015,business-unit-16,2026-02,EKS,20773.27
100000000015,business-unit-16,2026-02,CloudFront,22860.07
100000000015,business-unit-16,2026-01,EC2,9349.6
100000000015,business-unit-16,2026-01,S3,12653.3
100000000015,business-unit-16,2026-01,RDS,15811.95
100000000015,business-unit-16,2026-01,Lambda,18754.87
100000000015,business-unit-16,2026-01,EKS,21194.43
100000000015,business-unit-16,2026-01,CloudFront,24816.95
100000000015,business-unit-16,2025-12,EC2,10702.56
100000000015,business-unit-16,2025-12,S3,13061.83
100000000015,business-unit-16,2025-12,RDS,16509.28
100000000015,business-unit-16,2025-12,Lambda,20010.22
100000000015,business-unit-16,2025-12,EKS,22588.02
100000000015,business-unit-16,2025-12,CloudFront,26054.02
100000000015,business-unit-16,2025-11,EC2,10994.93
100000000015,business-unit-16,2025-11,S3,14076.47
100000000015,business-unit-16,2025-11,RDS,17305.24
100000000015,business-unit-16,2025-11,Lambda,21271.76
100000000015,business-unit-16,2025-11,EKS,24042.08
100000000015,business-unit-16,2025-11,CloudFront,27609.9
100000000015,business-unit-16,2025-10,EC2,8926.99
100000000015,business-unit-16,2025-10,S3,12229.53
100000000015,business-unit-16,2025-10,RDS,15029.75
100000000015,business-unit-16,2025-10,Lambda,17809.37
100000000015,business-unit-16,2025-10,EKS,20498.29
100000000015,business-unit-16,2025-10,CloudFront,22927.72
100000000015,business-unit-16,2025-09,EC2,10149.23
100000000015,business-unit-16,2025-09,S3,12833.82
100000000015,business-unit-16,2025-09,RDS,15820.97
100000000015,business-unit-16,2025-09,Lambda,18741.64
100000000015,business-unit-16,2025-09,EKS,21266.25
100000000015,business-unit-16,2025-09,CloudFront,24580.92
100000000015,business-unit-16,2025-08,EC2,10394.1
100000000015,business-unit-16,2025-08,S3,13088.72
100000000015,business-unit-16,2025-08,RDS,16414.34
100000000015,business-unit-16,2025-08,Lambda,20154.87
100000000015,business-unit-16,2025-08,EKS,22552.14
100000000015,business-unit-16,2025-08,CloudFront,26092.53
100000000015,business-unit-16,2025-07,EC2,10738.33
100000000015,business-unit-16,2025-07,S3,14532.65
100000000015,business-unit-16,2025-07,RDS,17448.76
100000000015,business-unit-16,2025-07,Lambda,20885.24
100000000015,business-unit-16,2025-07,EKS,23780.86
100000000015,business-unit-16,2025-07,CloudFront,27171.15
100000000015,business-unit-16,2025-06,EC2,9605.26
100000000015,business-unit-16,2025-06,S3,11561.0
100000000015,business-unit-16,2025-06,RDS,14935.97
100000000015,business-unit-16,2025-06,Lambda,17433.99
100000000015,business-unit-16,2025-06,EKS,20169.91
100000000015,business-unit-16,2025-06,CloudFront,23529.39
100000000015,business-unit-16,2025-05,EC2,10029.12
100000000015,business-unit-16,2025-05,S3,12408.57
100000000015,business-unit-16,2025-05,RDS,15224.13
100000000015,business-unit-16,2025-05,Lambda,18360.99
100000000015,business-unit-16,2025-05,EKS,21706.93
100000000015,business-unit-16,2025-05,CloudFront,24721.07
100000000015,business-unit-16,2025-04,EC2,9857.88
100000000015,business-unit-16,2025-04,S3,13914.12
100000000015,business-unit-16,2025-04,RDS,17090.05
100000000015,business-unit-16,2025-04,Lambda,19764.72
100000000015,business-unit-16,2025-04,EKS,23047.3
100000000015,business-unit-16,2025-04,CloudFront,26142.16
100000000016,business-unit-17,2026-03,EC2,9330.58
100000000016,business-unit-17,2026-03,S3,12914.75
100000000016,business-unit-17,2026-03,RDS,15236.5
100000000016,business-unit-17,2026-03,Lambda,18624.25
100000000016,business-unit-17,2026-03,EKS,21203.81
100000000016,business-unit-17,2026-03,CloudFront,23971.71
100000000016,business-unit-17,2026-02,EC2,10329.79
100000000016,business-unit-17,2026-02,S3,13134.61
100000000016,business-unit-17,2026-02,RDS,15927.79
100000000016,business-unit-17,2026-02,Lambda,19595.92
100000000016,business-unit-17,2026-02,EKS,22411.71
100000000016,business-unit-17,2026-02,CloudFront,25865.33
100000000016,business-unit-17,2026-01,EC2,10572.57
100000000016,business-unit-17,2026-01,S3,14224.38
100000000016,business-unit-17,2026-01,RDS,17587.04
100000000016,business-unit-17,2026-01,Lambda,20398.82
100000000016,business-unit-17,2026-01,EKS,24153.6
100000000016,business-unit-17,2026-01,CloudFront,27011.62
100000000016,business-unit-17,2025-12,EC2,11215.83
100000000016,business-unit-17,2025-12,S3,15196.75
100000000016,business-unit-17,2025-12,RDS,18424.08
100000000016,business-unit-17,2025-12,Lambda,21653.7
100000000016,business-unit-17,2025-12,EKS,25228.96
100000000016,business-unit-17,2025-12,CloudFront,28891.62
100000000016,business-unit-17,2025-11,EC2,9614.76
100000000016,business-unit-17,2025-11,S3,12863.12
100000000016,business-unit-17,2025-11,RDS,15633.27
100000000016,business-unit-17,2025-11,Lambda,18310.36
100000000016,business-unit-17,2025-11,EKS,20848.71
100000000016,business-unit-17,2025-11,CloudFront,23948.19
100000000016,business-unit-17,2025-10,EC2,10566.31
100000000016,business-unit-17,2025-10,S3,13094.21
100000000016,business-unit-17,2025-10,RDS,16454.76
100000000016,business-unit-17,2025-10,Lambda,19356.39
100000000016,business-unit-17,2025-10,EKS,22120.12
100000000016,business-unit-17,2025-10,CloudFront,25991.51
100000000016,business-unit-17,2025-09,EC2,10401.46
100000000016,business-unit-17,2025-09,S3,13636.67
100000000016,business-unit-17,2025-09,RDS,16940.59
100000000016,business-unit-17,2025-09,Lambda,21021.92
100000000016,business-unit-17,2025-09,EKS,23881.71
100000000016,business-unit-17,2025-09,CloudFront,27445.75
100000000016,business-unit-17,2025-08,EC2,11773.86
100000000016,business-unit-17,2025-08,S3,15094.53
100000000016,business-unit-17,2025-08,RDS,18507.21
100000000016,business-unit-17,2025-08,Lambda,21520.79
100000000016,business-unit-17,2025-08,EKS,25635.6
100000000016,business-unit-17,2025-08,CloudFront,28430.9
100000000016,business-unit-17,2025-07,EC2,9915.37
100000000016,business-unit-17,2025-07,S3,12700.1
100000000016,business-unit-17,2025-07,RDS,15295.69
100000000016,business-unit-17,2025-07,Lambda,17872.35
100000000016,business-unit-17,2025-07,EKS,21307.07
100000000016,business-unit-17,2025-07,CloudFront,23749.07
100000000016,business-unit-17,2025-06,EC2,10463.34
100000000016,business-unit-17,2025-06,S3,12832.76
100000000016,business-unit-17,2025-06,RDS,16593.34
100000000016,business-unit-17,2025-06,Lambda,19549.01
100000000016,business-unit-17,2025-06,EKS,22876.09
100000000016,business-unit-17,2025-06,CloudFront,26059.45
100000000016,business-unit-17,2025-05,EC2,10555.34
100000000016,business-unit-17,2025-05,S3,14208.75
100000000016,business-unit-17,2025-05,RDS,17198.43
100000000016,business-unit-17,2025-05,Lambda,21073.83
100000000016,business-unit-17,2025-05,EKS,23974.21
100000000016,business-unit-17,2025-05,CloudFront,26913.59
100000000016,business-unit-17,2025-04,EC2,11081.47
100000000016,business-unit-17,2025-04,S3,14742.04
100000000016,business-unit-17,2025-04,RDS,18082.98
100000000016,business-unit-17,2025-04,Lambda,21487.13
100000000016,business-unit-17,2025-04,EKS,24934.79
100000000016,business-unit-17,2025-04,CloudFront,29038.75
100000000017,business-unit-18,2026-03,EC2,10454.01
100000000017,business-unit-18,2026-03,S3,13539.21
100000000017,business-unit-18,2026-03,RDS,16883.1
100000000017,business-unit-18,2026-03,Lambda,20309.05
100000000017,business-unit-18,2026-03,EKS,23592.71
100000000017,business-unit-18,2026-03,CloudFront,26679.43
100000000017,business-unit-18,2026-02,EC2,11296.57
100000000017,business-unit-18,2026-02,S3,14273.98
100000000017,business-unit-18,2026-02,RDS,17818.46
100000000017,business-unit-18,2026-02,Lambda,21184.1
100000000017,business-unit-18,2026-02,EKS,24671.75
100000000017,business-unit-18,2026-02,CloudFront,28285.49
100000000017,business-unit-18,2026-01,EC2,12045.11
100000000017,business-unit-18,2026-01,S3,15289.15
100000000017,business-unit-18,2026-01,RDS,18884.17
100000000017,business-unit-18,2026-01,Lambda,22630.16
100000000017,business-unit-18,2026-01,EKS,25893.31
100000000017,business-unit-18,2026-01,CloudFront,29536.7
100000000017,business-unit-18,2025-12,EC2,10277.89
100000000017,business-unit-18,2025-12,S3,13192.87
100000000017,business-unit-18,2025-12,RDS,15783.19
100000000017,business-unit-18,2025-12,Lambda,19465.79
100000000017,business-unit-18,2025-12,EKS,21888.65
100000000017,business-unit-18,2025-12,CloudFront,25243.44
100000000017,business-unit-18,2025-11,EC2,10166.79
100000000017,business-unit-18,2025-11,S3,13730.79
100000000017,business-unit-18,2025-11,RDS,16824.78
100000000017,business-unit-18,2025-11,Lambda,19862.21
100000000017,business-unit-18,2025-11,EKS,23649.0
100000000017,business-unit-18,2025-11,CloudFront,26888.99
100000000017,business-unit-18,2025-10,EC2,11407.48
100000000017,business-unit-18,2025-10,S3,14562.47
100000000017,business-unit-18,2025-10,RDS,18297.85
100000000017,business-unit-18,2025-10,Lambda,21428.52
100000000017,business-unit-18,2025-10,EKS,24785.64
100000000017,business-unit-18,2025-10,CloudFront,28047.8
100000000017,business-unit-18,2025-09,EC2,11564.58
100000000017,business-unit-18,2025-09,S3,15398.66
100000000017,business-unit-18,2025-09,RDS,19390.22
100000000017,business-unit-18,2025-09,Lambda,22916.94
100000000017,business-unit-18,2025-09,EKS,25859.36
100000000017,business-unit-18,2025-09,CloudFront,30163.16
100000000017,business-unit-18,2025-08,EC2,9689.56
100000000017,business-unit-18,2025-08,S3,12777.4
100000000017,business-unit-18,2025-08,RDS,15882.09
100000000017,business-unit-18,2025-08,Lambda,18964.75
100000000017,business-unit-18,2025-08,EKS,21958.27
100000000017,business-unit-18,2025-08,CloudFront,25480.89
100000000017,business-unit-18,2025-07,EC2,10311.66
100000000017,business-unit-18,2025-07,S3,13981.07
100000000017,business-unit-18,2025-07,RDS,16844.67
100000000017,business-unit-18,2025-07,Lambda,20531.95
100000000017,business-unit-18,2025-07,EKS,23279.97
100000000017,business-unit-18,2025-07,CloudFront,26608.73
100000000017,business-unit-18,2025-06,EC2,11216.36
100000000017,business-unit-18,2025-06,S3,14261.13
100000000017,business-unit-18,2025-06,RDS,17729.25
100000000017,business-unit-18,2025-06,Lambda,21557.82
100000000017,business-unit-18,2025-06,EKS,25294.72
100000000017,business-unit-18,2025-06,CloudFront,28407.32
100000000017,business-unit-18,2025-05,EC2,11601.4
100000000017,business-unit-18,2025-05,S3,15491.26
100000000017,business-unit-18,2025-05,RDS,18563.82
100000000017,business-unit-18,2025-05,Lambda,22859.37
100000000017,business-unit-18,2025-05,EKS,26563.89
100000000017,business-unit-18,2025-05,CloudFront,29515.69
100000000017,business-unit-18,2025-04,EC2,10110.53
100000000017,business-unit-18,2025-04,S3,13342.28
100000000017,business-unit-18,2025-04,RDS,16238.78
100000000017,business-unit-18,2025-04,Lambda,19070.15
100000000017,business-unit-18,2025-04,EKS,22201.71
100000000017,business-unit-18,2025-04,CloudFront,25106.86
100000000018,business-unit-19,2026-03,EC2,11382.53
100000000018,business-unit-19,2026-03,S3,14906.6
100000000018,business-unit-19,2026-03,RDS,18829.45
100000000018,business-unit-19,2026-03,Lambda,22366.65
100000000018,business-unit-19,2026-03,EKS,26121.66
100000000018,business-unit-19,2026-03,CloudFront,29353.28
100000000018,business-unit-19,2026-02,EC2,12088.98
100000000018,business-unit-19,2026-02,S3,15956.57
100000000018,business-unit-19,2026-02,RDS,19596.91
100000000018,business-unit-19,2026-02,Lambda,23558.77
100000000018,business-unit-19,2026-02,EKS,27169.02
100000000018,business-unit-19,2026-02,CloudFront,31340.52
100000000018,business-unit-19,2026-01,EC2,10746.26
100000000018,business-unit-19,2026-01,S3,13474.37
100000000018,business-unit-19,2026-01,RDS,16488.22
100000000018,business-unit-19,2026-01,Lambda,19919.58
100000000018,business-unit-19,2026-01,EKS,22576.15
100000000018,business-unit-19,2026-01,CloudFront,25908.22
100000000018,business-unit-19,2025-12,EC2,11342.11
100000000018,business-unit-19,2025-12,S3,14375.71
100000000018,business-unit-19,2025-12,RDS,17363.21
100000000018,business-unit-19,2025-12,Lambda,21308.09
100000000018,business-unit-19,2025-12,EKS,24587.57
100000000018,business-unit-19,2025-12,CloudFront,27688.98
100000000018,business-unit-19,2025-11,EC2,11140.84
100000000018,business-unit-19,2025-11,S3,14928.51
100000000018,business-unit-19,2025-11,RDS,18342.51
100000000018,business-unit-19,2025-11,Lambda,22258.34
100000000018,business-unit-19,2025-11,EKS,25708.11
100000000018,business-unit-19,2025-11,CloudFront,29770.23
100000000018,business-unit-19,2025-10,EC2,12386.87
100000000018,business-unit-19,2025-10,S3,15746.41
100000000018,business-unit-19,2025-10,RDS,19599.19
100000000018,business-unit-19,2025-10,Lambda,23331.84
100000000018,business-unit-19,2025-10,EKS,27600.61
100000000018,business-unit-19,2025-10,CloudFront,31109.91
100000000018,business-unit-19,2025-09,EC2,9984.35
100000000018,business-unit-19,2025-09,S3,13308.28
100000000018,business-unit-19,2025-09,RDS,16140.56
100000000018,business-unit-19,2025-09,Lambda,19587.0
100000000018,business-unit-19,2025-09,EKS,23037.46
100000000018,business-unit-19,2025-09,CloudFront,26153.95
100000000018,business-unit-19,2025-08,EC2,10794.02
100000000018,business-unit-19,2025-08,S3,13849.84
100000000018,business-unit-19,2025-08,RDS,17877.23
100000000018,business-unit-19,2025-08,Lambda,20772.1
100000000018,business-unit-19,2025-08,EKS,23976.16
100000000018,business-unit-19,2025-08,CloudFront,27346.58
100000000018,business-unit-19,2025-07,EC2,11785.17
100000000018,business-unit-19,2025-07,S3,15262.15
100000000018,business-unit-19,2025-07,RDS,18636.59
100000000018,business-unit-19,2025-07,Lambda,22054.16
100000000018,business-unit-19,2025-07,EKS,26282.62
100000000018,business-unit-19,2025-07,CloudFront,29580.06
100000000018,business-unit-19,2025-06,EC2,11966.7
100000000018,business-unit-19,2025-06,S3,16290.99
100000000018,business-unit-19,2025-06,RDS,20071.77
100000000018,business-unit-19,2025-06,Lambda,23746.55
100000000018,business-unit-19,2025-06,EKS,27319.78
100000000018,business-unit-19,2025-06,CloudFront,31029.8
100000000018,business-unit-19,2025-05,EC2,9887.27
100000000018,business-unit-19,2025-05,S3,13323.4
100000000018,business-unit-19,2025-05,RDS,16263.33
100000000018,business-unit-19,2025-05,Lambda,20206.6
100000000018,business-unit-19,2025-05,EKS,23039.2
100000000018,business-unit-19,2025-05,CloudFront,26425.9
100000000018,business-unit-19,2025-04,EC2,10817.46
100000000018,business-unit-19,2025-04,S3,14746.31
100000000018,business-unit-19,2025-04,RDS,17250.31
100000000018,business-unit-19,2025-04,Lambda,21416.97
100000000018,business-unit-19,2025-04,EKS,24608.12
100000000018,business-unit-19,2025-04,CloudFront,27658.14
100000000019,business-unit-20,2026-03,EC2,12250.77
100000000019,business-unit-20,2026-03,S3,16712.3
100000000019,business-unit-20,2026-03,RDS,20335.12
100000000019,business-unit-20,2026-03,Lambda,24429.08
100000000019,business-unit-20,2026-03,EKS,28501.16
100000000019,business-unit-20,2026-03,CloudFront,32537.85
100000000019,business-unit-20,2026-02,EC2,10598.86
100000000019,business-unit-20,2026-02,S3,13483.23
100000000019,business-unit-20,2026-02,RDS,17283.56
100000000019,business-unit-20,2026-02,Lambda,20018.34
100000000019,business-unit-20,2026-02,EKS,24073.85
100000000019,business-unit-20,2026-02,CloudFront,26579.71
100000000019,business-unit-20,2026-01,EC2,11066.49
100000000019,business-unit-20,2026-01,S3,14746.62
100000000019,business-unit-20,2026-01,RDS,18075.05
100000000019,business-unit-20,2026-01,Lambda,21529.2
100000000019,business-unit-20,2026-01,EKS,25446.57
100000000019,business-unit-20,2026-01,CloudFront,28604.36
100000000019,business-unit-20,2025-12,EC2,11951.83
100000000019,business-unit-20,2025-12,S3,15850.97
100000000019,business-unit-20,2025-12,RDS,19652.15
100000000019,business-unit-20,2025-12,Lambda,23168.32
100000000019,business-unit-20,2025-12,EKS,26661.39
100000000019,business-unit-20,2025-12,CloudFront,30862.66
100000000019,business-unit-20,2025-11,EC2,13005.28
100000000019,business-unit-20,2025-11,S3,16241.82
100000000019,business-unit-20,2025-11,RDS,20746.64
100000000019,business-unit-20,2025-11,Lambda,24123.59
100000000019,business-unit-20,2025-11,EKS,28015.71
100000000019,business-unit-20,2025-11,CloudFront,31783.56
100000000019,business-unit-20,2025-10,EC2,10759.91
100000000019,business-unit-20,2025-10,S3,14265.28
100000000019,business-unit-20,2025-10,RDS,17478.05
100000000019,business-unit-20,2025-10,Lambda,20525.37
100000000019,business-unit-20,2025-10,EKS,24193.97
100000000019,business-unit-20,2025-10,CloudFront,26872.87
100000000019,business-unit-20,2025-09,EC2,11152.09
100000000019,business-unit-20,2025-09,S3,14559.43
100000000019,business-unit-20,2025-09,RDS,18027.51
100000000019,business-unit-20,2025-09,Lambda,21605.23
100000000019,business-unit-20,2025-09,EKS,25208.83
100000000019,business-unit-20,2025-09,CloudFront,28551.59
100000000019,business-unit-20,2025-08,EC2,12406.45
100000000019,business-unit-20,2025-08,S3,15425.21
100000000019,business-unit-20,2025-08,RDS,19258.3
100000000019,business-unit-20,2025-08,Lambda,22753.05
100000000019,business-unit-20,2025-08,EKS,27178.42
100000000019,business-unit-20,2025-08,CloudFront,30444.02
100000000019,business-unit-20,2025-07,EC2,12973.85
100000000019,business-unit-20,2025-07,S3,16453.21
100000000019,business-unit-20,2025-07,RDS,20434.05
100000000019,business-unit-20,2025-07,Lambda,24634.5
100000000019,business-unit-20,2025-07,EKS,28546.12
100000000019,business-unit-20,2025-07,CloudFront,32120.05
100000000019,business-unit-20,2025-06,EC2,10612.55
100000000019,business-unit-20,2025-06,S3,13842.04
100000000019,business-unit-20,2025-06,RDS,16932.91
100000000019,business-unit-20,2025-06,Lambda,20373.78
100000000019,business-unit-20,2025-06,EKS,24060.81
100000000019,business-unit-20,2025-06,CloudFront,26649.99
100000000019,business-unit-20,2025-05,EC2,11018.86
100000000019,business-unit-20,2025-05,S3,15208.45
100000000019,business-unit-20,2025-05,RDS,18517.43
100000000019,business-unit-20,2025-05,Lambda,21433.07
100000000019,business-unit-20,2025-05,EKS,25524.54
100000000019,business-unit-20,2025-05,CloudFront,28408.41
100000000019,business-unit-20,2025-04,EC2,11981.61
100000000019,business-unit-20,2025-04,S3,15793.45
100000000019,business-unit-20,2025-04,RDS,19632.92
100000000019,business-unit-20,2025-04,Lambda,22923.64
100000000019,business-unit-20,2025-04,EKS,26505.91
100000000019,business-unit-20,2025-04,CloudFront,30962.25
100000000020,business-unit-21,2026-03,EC2,10731.97
100000000020,business-unit-21,2026-03,S3,14128.58
100000000020,business-unit-21,2026-03,RDS,17968.14
100000000020,business-unit-21,2026-03,Lambda,21216.23
100000000020,business-unit-21,2026-03,EKS,24254.33
100000000020,business-unit-21,2026-03,CloudFront,27620.25
100000000020,business-unit-21,2026-02,EC2,12149.24
100000000020,business-unit-21,2026-02,S3,15411.9
100000000020,business-unit-21,2026-02,RDS,19384.38
100000000020,business-unit-21,2026-02,Lambda,22467.08
100000000020,business-unit-21,2026-02,EKS,26102.4
100000000020,business-unit-21,2026-02,CloudFront,29992.99
100000000020,business-unit-21,2026-01,EC2,12070.78
100000000020,business-unit-21,2026-01,S3,16102.93
100000000020,business-unit-21,2026-01,RDS,19705.47
100000000020,business-unit-21,2026-01,Lambda,23789.4
100000000020,business-unit-21,2026-01,EKS,27961.5
100000000020,business-unit-21,2026-01,CloudFront,31962.31
100000000020,business-unit-21,2025-12,EC2,13102.7
100000000020,business-unit-21,2025-12,S3,16862.34
100000000020,business-unit-21,2025-12,RDS,21127.36
100000000020,business-unit-21,2025-12,Lambda,25020.31
100000000020,business-unit-21,2025-12,EKS,29800.35
100000000020,business-unit-21,2025-12,CloudFront,33524.36
100000000020,business-unit-21,2025-11,EC2,10884.33
100000000020,business-unit-21,2025-11,S3,14670.62
100000000020,business-unit-21,2025-11,RDS,17848.87
100000000020,business-unit-21,2025-11,Lambda,20765.38
100000000020,business-unit-21,2025-11,EKS,24716.65
100000000020,business-unit-21,2025-11,CloudFront,28468.51
100000000020,business-unit-21,2025-10,EC2,11306.59
100000000020,business-unit-21,2025-10,S3,15221.09
100000000020,business-unit-21,2025-10,RDS,18642.89
100000000020,business-unit-21,2025-10,Lambda,23014.42
100000000020,business-unit-21,2025-10,EKS,26217.86
100000000020,business-unit-21,2025-10,CloudFront,29335.83
100000000020,business-unit-21,2025-09,EC2,12304.72
100000000020,business-unit-21,2025-09,S3,15803.07
100000000020,business-unit-21,2025-09,RDS,20474.29
100000000020,business-unit-21,2025-09,Lambda,23987.2
100000000020,business-unit-21,2025-09,EKS,28105.99
100000000020,business-unit-21,2025-09,CloudFront,32035.13
100000000020,business-unit-21,2025-08,EC2,12807.06
100000000020,business-unit-21,2025-08,S3,17276.83
100000000020,business-unit-21,2025-08,RDS,20918.7
100000000020,business-unit-21,2025-08,Lambda,25012.46
100000000020,business-unit-21,2025-08,EKS,29191.99
100000000020,business-unit-21,2025-08,CloudFront,33751.49
100000000020,business-unit-21,2025-07,EC2,11428.58
100000000020,business-unit-21,2025-07,S3,14526.13
100000000020,business-unit-21,2025-07,RDS,17896.49
100000000020,business-unit-21,2025-07,Lambda,21592.86
100000000020,business-unit-21,2025-07,EKS,24811.85
100000000020,business-unit-21,2025-07,CloudFront,28371.29
100000000020,business-unit-21,2025-06,EC2,11419.02
100000000020,business-unit-21,2025-06,S3,15008.01
100000000020,business-unit-21,2025-06,RDS,19260.85
100000000020,business-unit-21,2025-06,Lambda,22127.82
100000000020,business-unit-21,2025-06,EKS,25752.04
100000000020,business-unit-21,2025-06,CloudFront,29842.11
100000000020,business-unit-21,2025-05,EC2,12849.33
100000000020,business-unit-21,2025-05,S3,16670.47
100000000020,business-unit-21,2025-05,RDS,20381.24
100000000020,business-unit-21,2025-05,Lambda,23748.08
100000000020,business-unit-21,2025-05,EKS,27566.46
100000000020,business-unit-21,2025-05,CloudFront,31458.8
100000000020,business-unit-21,2025-04,EC2,12799.4
100000000020,business-unit-21,2025-04,S3,17179.56
100000000020,business-unit-21,2025-04,RDS,21601.22
100000000020,business-unit-21,2025-04,Lambda,25277.77
100000000020,business-unit-21,2025-04,EKS,29437.33
100000000020,business-unit-21,2025-04,CloudFront,33870.47
100000000021,business-unit-22,2026-03,EC2,12076.53
100000000021,business-unit-22,2026-03,S3,16097.45
100000000021,business-unit-22,2026-03,RDS,19592.89
100000000021,business-unit-22,2026-03,Lambda,23355.26
100000000021,business-unit-22,2026-03,EKS,27349.88
100000000021,business-unit-22,2026-03,CloudFront,30666.53
100000000021,business-unit-22,2026-02,EC2,13310.58
100000000021,business-unit-22,2026-02,S3,16515.53
100000000021,business-unit-22,2026-02,RDS,20865.95
100000000021,business-unit-22,2026-02,Lambda,24321.96
100000000021,business-unit-22,2026-02,EKS,28589.97
100000000021,business-unit-22,2026-02,CloudFront,32669.74
100000000021,business-unit-22,2026-01,EC2,13513.16
100000000021,business-unit-22,2026-01,S3,18154.42
100000000021,business-unit-22,2026-01,RDS,22283.86
100000000021,business-unit-22,2026-01,Lambda,26605.91
100000000021,business-unit-22,2026-01,EKS,30325.24
100000000021,business-unit-22,2026-01,CloudFront,34941.49
100000000021,business-unit-22,2025-12,EC2,11364.69
100000000021,business-unit-22,2025-12,S3,14584.96
100000000021,business-unit-22,2025-12,RDS,18677.86
100000000021,business-unit-22,2025-12,Lambda,21878.32
100000000021,business-unit-22,2025-12,EKS,25017.82
100000000021,business-unit-22,2025-12,CloudFront,28641.88
100000000021,business-unit-22,2025-11,EC2,11949.17
100000000021,business-unit-22,2025-11,S3,16332.64
100000000021,business-unit-22,2025-11,RDS,19737.04
100000000021,business-unit-22,2025-11,Lambda,23260.0
100000000021,business-unit-22,2025-11,EKS,26637.89
100000000021,business-unit-22,2025-11,CloudFront,31120.54
100000000021,business-unit-22,2025-10,EC2,12990.12
100000000021,business-unit-22,2025-10,S3,16498.9
100000000021,business-unit-22,2025-10,RDS,20871.37
100000000021,business-unit-22,2025-10,Lambda,24456.11
100000000021,business-unit-22,2025-10,EKS,28344.82
100000000021,business-unit-22,2025-10,CloudFront,32599.77
100000000021,business-unit-22,2025-09,EC2,13217.0
100000000021,business-unit-22,2025-09,S3,17597.6
100000000021,business-unit-22,2025-09,RDS,21500.3
100000000021,business-unit-22,2025-09,Lambda,26054.87
100000000021,business-unit-22,2025-09,EKS,30173.15
100000000021,business-unit-22,2025-09,CloudFront,34994.79
100000000021,business-unit-22,2025-08,EC2,11456.98
100000000021,business-unit-22,2025-08,S3,14666.33
100000000021,business-unit-22,2025-08,RDS,18427.05
100000000021,business-unit-22,2025-08,Lambda,22167.24
100000000021,business-unit-22,2025-08,EKS,25405.77
100000000021,business-unit-22,2025-08,CloudFront,29409.38
100000000021,business-unit-22,2025-07,EC2,11800.11
100000000021,business-unit-22,2025-07,S3,16313.01
100000000021,business-unit-22,2025-07,RDS,19193.23
100000000021,business-unit-22,2025-07,Lambda,23793.92
100000000021,business-unit-22,2025-07,EKS,26688.2
100000000021,business-unit-22,2025-07,CloudFront,30675.85
100000000021,business-unit-22,2025-06,EC2,12814.31
100000000021,business-unit-22,2025-06,S3,16609.62
100000000021,business-unit-22,2025-06,RDS,20531.47
100000000021,business-unit-22,2025-06,Lambda,25177.57
100000000021,business-unit-22,2025-06,EKS,29018.16
100000000021,business-unit-22,2025-06,CloudFront,32623.57
100000000021,business-unit-22,2025-05,EC2,13086.92
100000000021,business-unit-22,2025-05,S3,17569.76
100000000021,business-unit-22,2025-05,RDS,21630.37
100000000021,business-unit-22,2025-05,Lambda,26281.19
100000000021,business-unit-22,2025-05,EKS,30534.65
100000000021,business-unit-22,2025-05,CloudFront,34494.9
100000000021,business-unit-22,2025-04,EC2,11050.88
100000000021,business-unit-22,2025-04,S3,14572.94
100000000021,business-unit-22,2025-04,RDS,18232.64
100000000021,business-unit-22,2025-04,Lambda,22168.22
100000000021,business-unit-22,2025-04,EKS,25761.33
100000000021,business-unit-22,2025-04,CloudFront,29330.31
100000000022,business-unit-23,2026-03,EC2,13004.32
100000000022,business-unit-23,2026-03,S3,17032.74
100000000022,business-unit-23,2026-03,RDS,21128.31
100000000022,business-unit-23,2026-03,Lambda,25777.2
100000000022,business-unit-23,2026-03,EKS,29230.47
100000000022,business-unit-23,2026-03,CloudFront,33385.87
100000000022,business-unit-23,2026-02,EC2,14269.88
100000000022,business-unit-23,2026-02,S3,17974.41
100000000022,business-unit-23,2026-02,RDS,22846.02
100000000022,business-unit-23,2026-02,Lambda,27115.79
100000000022,business-unit-23,2026-02,EKS,30914.01
100000000022,business-unit-23,2026-02,CloudFront,36088.07
100000000022,business-unit-23,2026-01,EC2,11438.85
100000000022,business-unit-23,2026-01,S3,15818.26
100000000022,business-unit-23,2026-01,RDS,19396.04
100000000022,business-unit-23,2026-01,Lambda,22974.56
100000000022,business-unit-23,2026-01,EKS,26027.55
100000000022,business-unit-23,2026-01,CloudFront,29934.26
100000000022,business-unit-23,2025-12,EC2,12500.96
100000000022,business-unit-23,2025-12,S3,16012.23
100000000022,business-unit-23,2025-12,RDS,20158.58
100000000022,business-unit-23,2025-12,Lambda,24263.83
100000000022,business-unit-23,2025-12,EKS,28048.41
100000000022,business-unit-23,2025-12,CloudFront,32169.74
100000000022,business-unit-23,2025-11,EC2,12922.49
100000000022,business-unit-23,2025-11,S3,17013.33
100000000022,business-unit-23,2025-11,RDS,21486.13
100000000022,business-unit-23,2025-11,Lambda,25928.93
100000000022,business-unit-23,2025-11,EKS,29284.43
100000000022,business-unit-23,2025-11,CloudFront,33816.6
100000000022,business-unit-23,2025-10,EC2,14459.19
100000000022,business-unit-23,2025-10,S3,18405.15
100000000022,business-unit-23,2025-10,RDS,22448.11
100000000022,business-unit-23,2025-10,Lambda,27275.24
100000000022,business-unit-23,2025-10,EKS,31703.38
100000000022,business-unit-23,2025-10,CloudFront,35595.34
100000000022,business-unit-23,2025-09,EC2,11522.71
100000000022,business-unit-23,2025-09,S3,15192.91
100000000022,business-unit-23,2025-09,RDS,18635.17
100000000022,business-unit-23,2025-09,Lambda,22623.68
100000000022,business-unit-23,2025-09,EKS,26675.46
100000000022,business-unit-23,2025-09,CloudFront,30224.84
100000000022,business-unit-23,2025-08,EC2,12072.44
100000000022,business-unit-23,2025-08,S3,16556.21
100000000022,business-unit-23,2025-08,RDS,20674.36
100000000022,business-unit-23,2025-08,Lambda,24033.34
100000000022,business-unit-23,2025-08,EKS,28110.19
100000000022,business-unit-23,2025-08,CloudFront,32229.65
100000000022,business-unit-23,2025-07,EC2,13494.86
100000000022,business-unit-23,2025-07,S3,17013.68
100000000022,business-unit-23,2025-07,RDS,21585.91
100000000022,business-unit-23,2025-07,Lambda,25861.74
100000000022,business-unit-23,2025-07,EKS,30064.15
100000000022,business-unit-23,2025-07,CloudFront,33942.62
100000000022,business-unit-23,2025-06,EC2,14238.86
100000000022,business-unit-23,2025-06,S3,18016.72
100000000022,business-unit-23,2025-06,RDS,22782.43
100000000022,business-unit-23,2025-06,Lambda,26832.75
100000000022,business-unit-23,2025-06,EKS,31640.04
100000000022,business-unit-23,2025-06,CloudFront,35662.8
100000000022,business-unit-23,2025-05,EC2,11338.01
100000000022,business-unit-23,2025-05,S3,15006.58
100000000022,business-unit-23,2025-05,RDS,18659.08
100000000022,business-unit-23,2025-05,Lambda,23060.47
100000000022,business-unit-23,2025-05,EKS,25986.61
100000000022,business-unit-23,2025-05,CloudFront,30092.57
100000000022,business-unit-23,2025-04,EC2,12397.21
100000000022,business-unit-23,2025-04,S3,16291.74
100000000022,business-unit-23,2025-04,RDS,20231.4
100000000022,business-unit-23,2025-04,Lambda,24428.57
100000000022,business-unit-23,2025-04,EKS,28405.34
100000000022,business-unit-23,2025-04,CloudFront,31694.38
100000000023,business-unit-24,2026-03,EC2,14451.23
100000000023,business-unit-24,2026-03,S3,18736.42
100000000023,business-unit-24,2026-03,RDS,23617.47
100000000023,business-unit-24,2026-03,Lambda,27817.79
100000000023,business-unit-24,2026-03,EKS,32693.02
100000000023,business-unit-24,2026-03,CloudFront,36639.42
100000000023,business-unit-24,2026-02,EC2,12617.53
100000000023,business-unit-24,2026-02,S3,15731.0
100000000023,business-unit-24,2026-02,RDS,19502.4
100000000023,business-unit-24,2026-02,Lambda,23175.75
100000000023,business-unit-24,2026-02,EKS,26843.36
100000000023,business-unit-24,2026-02,CloudFront,30604.52
100000000023,business-unit-24,2026-01,EC2,12519.52
100000000023,business-unit-24,2026-01,S3,17002.21
100000000023,business-unit-24,2026-01,RDS,20555.61
100000000023,business-unit-24,2026-01,Lambda,24545.94
100000000023,business-unit-24,2026-01,EKS,28869.99
100000000023,business-unit-24,2026-01,CloudFront,32585.25
100000000023,business-unit-24,2025-12,EC2,13275.69
100000000023,business-unit-24,2025-12,S3,18182.53
100000000023,business-unit-24,2025-12,RDS,22348.78
100000000023,business-unit-24,2025-12,Lambda,26490.51
100000000023,business-unit-24,2025-12,EKS,30867.67
100000000023,business-unit-24,2025-12,CloudFront,34843.29
100000000023,business-unit-24,2025-11,EC2,14084.29
100000000023,business-unit-24,2025-11,S3,19069.55
100000000023,business-unit-24,2025-11,RDS,23842.55
100000000023,business-unit-24,2025-11,Lambda,27961.26
100000000023,business-unit-24,2025-11,EKS,32484.69
100000000023,business-unit-24,2025-11,CloudFront,37306.61
100000000023,business-unit-24,2025-10,EC2,11881.44
100000000023,business-unit-24,2025-10,S3,15886.71
100000000023,business-unit-24,2025-10,RDS,19224.26
100000000023,business-unit-24,2025-10,Lambda,23095.8
100000000023,business-unit-24,2025-10,EKS,26883.99
100000000023,business-unit-24,2025-10,CloudFront,30519.81
100000000023,business-unit-24,2025-09,EC2,12473.85
100000000023,business-unit-24,2025-09,S3,17254.32
100000000023,business-unit-24,2025-09,RDS,20683.35
100000000023,business-unit-24,2025-09,Lambda,24620.88
100000000023,business-unit-24,2025-09,EKS,28916.26
100000000023,business-unit-24,2025-09,CloudFront,33068.8
100000000023,business-unit-24,2025-08,EC2,13583.54
100000000023,business-unit-24,2025-08,S3,18124.36
100000000023,business-unit-24,2025-08,RDS,22002.84
100000000023,business-unit-24,2025-08,Lambda,26066.46
100000000023,business-unit-24,2025-08,EKS,30495.52
100000000023,business-unit-24,2025-08,CloudFront,35348.08
100000000023,business-unit-24,2025-07,EC2,14369.03
100000000023,business-unit-24,2025-07,S3,18756.5
100000000023,business-unit-24,2025-07,RDS,23816.82
100000000023,business-unit-24,2025-07,Lambda,27974.99
100000000023,business-unit-24,2025-07,EKS,32591.26
100000000023,business-unit-24,2025-07,CloudFront,36423.12
100000000023,business-unit-24,2025-06,EC2,12426.21
100000000023,business-unit-24,2025-06,S3,16343.72
100000000023,business-unit-24,2025-06,RDS,19587.13
100000000023,business-unit-24,2025-06,Lambda,23409.65
100000000023,business-unit-24,2025-06,EKS,27641.03
100000000023,business-unit-24,2025-06,CloudFront,30597.82
100000000023,business-unit-24,2025-05,EC2,13284.05
100000000023,business-unit-24,2025-05,S3,16671.93
100000000023,business-unit-24,2025-05,RDS,21017.51
100000000023,business-unit-24,2025-05,Lambda,25352.86
100000000023,business-unit-24,2025-05,EKS,29305.46
100000000023,business-unit-24,2025-05,CloudFront,33128.14
100000000023,business-unit-24,2025-04,EC2,13602.9
100000000023,business-unit-24,2025-04,S3,18183.0
100000000023,business-unit-24,2025-04,RDS,22295.4
100000000023,business-unit-24,2025-04,Lambda,26616.0
100000000023,business-unit-24,2025-04,EKS,30945.16
100000000023,business-unit-24,2025-04,CloudFront,34784.09
